experimentID,setId,instanceID,instanceType,wallTime,testOption,per-request-avg-time,total-time,thread-num
1574805970-0,0,i-08dc3567954ef1f78,c4.large,30.3719542,--num-threads=2 --test=memory --memory-block-size=1875M --memory-total-size=100G run,1056.70ms,29.2595s,2
1574805970-0,0,i-08dc3567954ef1f78,c4.large,31.13791156,--num-threads=2 --test=memory --memory-block-size=1875M --memory-total-size=100G run,1081.08ms,29.9024s,2
1574805970-0,0,i-0428f37fe443a7300,c4.large,36.88242531,--num-threads=2 --test=memory --memory-block-size=1875M --memory-total-size=100G run,1287.23ms,35.6990s,2
1574805970-0,0,i-0428f37fe443a7300,c4.large,36.47796679,--num-threads=2 --test=memory --memory-block-size=1875M --memory-total-size=100G run,1275.88ms,35.2930s,2
1574805970-0,0,i-01cc5c3fb74edb9f4,c4.large,30.27636838,--num-threads=2 --test=memory --memory-block-size=1875M --memory-total-size=100G run,1048.67ms,29.0292s,2
1574805970-0,0,i-01cc5c3fb74edb9f4,c4.large,30.981848,--num-threads=2 --test=memory --memory-block-size=1875M --memory-total-size=100G run,1073.50ms,29.6577s,2
1574805970-0,0,i-0d412663e0824aaf1,c4.large,26.2455864,--num-threads=2 --test=memory --memory-block-size=1875M --memory-total-size=100G run,892.64ms,24.9245s,2
1574805970-0,0,i-0d412663e0824aaf1,c4.large,30.65111542,--num-threads=2 --test=memory --memory-block-size=1875M --memory-total-size=100G run,1043.20ms,29.0261s,2
1574805970-0,0,i-071e64820990d2cac,c4.large,36.74362206,--num-threads=2 --test=memory --memory-block-size=1875M --memory-total-size=100G run,1283.93ms,35.4414s,2
1574805970-0,0,i-071e64820990d2cac,c4.large,36.48611736,--num-threads=2 --test=memory --memory-block-size=1875M --memory-total-size=100G run,1276.56ms,35.2325s,2
1574805970-0,0,i-0bdf65231887cd77c,c4.large,36.83054543,--num-threads=2 --test=memory --memory-block-size=1875M --memory-total-size=100G run,1289.00ms,35.6501s,2
1574805970-0,0,i-0bdf65231887cd77c,c4.large,36.4953711,--num-threads=2 --test=memory --memory-block-size=1875M --memory-total-size=100G run,1277.88ms,35.2865s,2
1574805970-0,0,i-002065ba899e6e35b,c4.large,38.63811731,--num-threads=2 --test=memory --memory-block-size=1875M --memory-total-size=100G run,1355.28ms,37.5240s,2
1574805970-0,0,i-002065ba899e6e35b,c4.large,36.0016439,--num-threads=2 --test=memory --memory-block-size=1875M --memory-total-size=100G run,1243.61ms,34.3392s,2
1574805970-0,0,i-04dd182533470a6a5,c4.large,37.9790256,--num-threads=2 --test=memory --memory-block-size=1875M --memory-total-size=100G run,1325.11ms,36.7806s,2
1574805970-0,0,i-04dd182533470a6a5,c4.large,33.11981273,--num-threads=2 --test=memory --memory-block-size=1875M --memory-total-size=100G run,1137.71ms,31.4520s,2
1574805970-0,0,i-0f7d608521be3c8ee,c4.large,30.27701664,--num-threads=2 --test=memory --memory-block-size=1875M --memory-total-size=100G run,1050.03ms,29.0905s,2
1574805970-0,0,i-0f7d608521be3c8ee,c4.large,31.08833146,--num-threads=2 --test=memory --memory-block-size=1875M --memory-total-size=100G run,1076.94ms,29.7956s,2
1574805970-0,0,i-0b0f0eb3feed5aba3,c4.large,28.81877899,--num-threads=2 --test=memory --memory-block-size=1875M --memory-total-size=100G run,995.50ms,27.6901s,2
1574805970-0,0,i-0b0f0eb3feed5aba3,c4.large,30.10829282,--num-threads=2 --test=memory --memory-block-size=1875M --memory-total-size=100G run,1026.77ms,28.5750s,2
1574805970-0,0,i-03f3dfe0bee6688fa,c4.large,35.72761059,--num-threads=2 --test=memory --memory-block-size=1875M --memory-total-size=100G run,1227.95ms,33.9001s,2
1574805970-0,0,i-03f3dfe0bee6688fa,c4.large,36.15988398,--num-threads=2 --test=memory --memory-block-size=1875M --memory-total-size=100G run,1254.56ms,34.5848s,2
1574805970-0,0,i-016765f3044d331af,c4.large,36.81317878,--num-threads=2 --test=memory --memory-block-size=1875M --memory-total-size=100G run,1286.50ms,35.6867s,2
1574805970-0,0,i-016765f3044d331af,c4.large,33.92106557,--num-threads=2 --test=memory --memory-block-size=1875M --memory-total-size=100G run,1174.05ms,32.7704s,2
1574805970-0,0,i-0aa7bcdc028532ed6,c4.large,36.00144339,--num-threads=2 --test=memory --memory-block-size=1875M --memory-total-size=100G run,1252.26ms,34.8998s,2
1574805970-0,0,i-0aa7bcdc028532ed6,c4.large,35.75697589,--num-threads=2 --test=memory --memory-block-size=1875M --memory-total-size=100G run,1239.94ms,34.4691s,2
1574805970-0,0,i-071ac5f65ddaf9988,c4.large,30.23258543,--num-threads=2 --test=memory --memory-block-size=1875M --memory-total-size=100G run,1048.19ms,29.0948s,2
1574805970-0,0,i-071ac5f65ddaf9988,c4.large,31.09357595,--num-threads=2 --test=memory --memory-block-size=1875M --memory-total-size=100G run,1076.51ms,29.8408s,2
1574805970-0,0,i-08378b8b95d35fdd9,c4.large,36.70935321,--num-threads=2 --test=memory --memory-block-size=1875M --memory-total-size=100G run,1281.36ms,35.5678s,2
1574805970-0,0,i-08378b8b95d35fdd9,c4.large,36.37456965,--num-threads=2 --test=memory --memory-block-size=1875M --memory-total-size=100G run,1273.32ms,35.2554s,2
1574805970-1,1,i-08dc3567954ef1f78,c4.large,32.50249982,--num-threads=2 --test=memory --memory-block-size=1875M --memory-total-size=100G run,1130.03ms,31.2921s,2
1574805970-1,1,i-08dc3567954ef1f78,c4.large,32.14385033,--num-threads=2 --test=memory --memory-block-size=1875M --memory-total-size=100G run,1120.73ms,30.9709s,2
1574805970-1,1,i-0428f37fe443a7300,c4.large,31.98325944,--num-threads=2 --test=memory --memory-block-size=1875M --memory-total-size=100G run,1110.99ms,30.7484s,2
1574805970-1,1,i-0428f37fe443a7300,c4.large,31.66760087,--num-threads=2 --test=memory --memory-block-size=1875M --memory-total-size=100G run,1098.03ms,30.3208s,2
1574805970-1,1,i-01cc5c3fb74edb9f4,c4.large,32.50360394,--num-threads=2 --test=memory --memory-block-size=1875M --memory-total-size=100G run,1132.01ms,31.2833s,2
1574805970-1,1,i-01cc5c3fb74edb9f4,c4.large,31.8869772,--num-threads=2 --test=memory --memory-block-size=1875M --memory-total-size=100G run,1105.06ms,30.6296s,2
1574805970-1,1,i-0d412663e0824aaf1,c4.large,31.90487981,--num-threads=2 --test=memory --memory-block-size=1875M --memory-total-size=100G run,1110.27ms,30.8118s,2
1574805970-1,1,i-0d412663e0824aaf1,c4.large,31.70245552,--num-threads=2 --test=memory --memory-block-size=1875M --memory-total-size=100G run,1094.28ms,30.4151s,2
1574805970-1,1,i-071e64820990d2cac,c4.large,31.99370265,--num-threads=2 --test=memory --memory-block-size=1875M --memory-total-size=100G run,1113.61ms,30.7494s,2
1574805970-1,1,i-071e64820990d2cac,c4.large,31.69902039,--num-threads=2 --test=memory --memory-block-size=1875M --memory-total-size=100G run,1098.95ms,30.3426s,2
1574805970-1,1,i-002065ba899e6e35b,c4.large,35.77906036,--num-threads=2 --test=memory --memory-block-size=1875M --memory-total-size=100G run,1248.40ms,34.6116s,2
1574805970-1,1,i-002065ba899e6e35b,c4.large,31.98354721,--num-threads=2 --test=memory --memory-block-size=1875M --memory-total-size=100G run,1096.74ms,30.2671s,2
1574805970-1,1,i-04dd182533470a6a5,c4.large,34.60338664,--num-threads=2 --test=memory --memory-block-size=1875M --memory-total-size=100G run,1194.20ms,33.2243s,2
1574805970-1,1,i-04dd182533470a6a5,c4.large,32.66808057,--num-threads=2 --test=memory --memory-block-size=1875M --memory-total-size=100G run,1124.45ms,31.0654s,2
1574805970-1,1,i-0f7d608521be3c8ee,c4.large,32.56055999,--num-threads=2 --test=memory --memory-block-size=1875M --memory-total-size=100G run,1135.97ms,31.4154s,2
1574805970-1,1,i-0f7d608521be3c8ee,c4.large,32.174613,--num-threads=2 --test=memory --memory-block-size=1875M --memory-total-size=100G run,1121.21ms,30.9901s,2
1574805970-1,1,i-0b0f0eb3feed5aba3,c4.large,32.05260563,--num-threads=2 --test=memory --memory-block-size=1875M --memory-total-size=100G run,1117.43ms,30.9638s,2
1574805970-1,1,i-0b0f0eb3feed5aba3,c4.large,31.88437557,--num-threads=2 --test=memory --memory-block-size=1875M --memory-total-size=100G run,1102.72ms,30.6097s,2
1574805970-1,1,i-03f3dfe0bee6688fa,c4.large,31.8561728,--num-threads=2 --test=memory --memory-block-size=1875M --memory-total-size=100G run,1109.31ms,30.7660s,2
1574805970-1,1,i-03f3dfe0bee6688fa,c4.large,31.30340314,--num-threads=2 --test=memory --memory-block-size=1875M --memory-total-size=100G run,1085.11ms,30.1544s,2
1574805970-1,1,i-016765f3044d331af,c4.large,32.00146365,--num-threads=2 --test=memory --memory-block-size=1875M --memory-total-size=100G run,1114.46ms,30.7538s,2
1574805970-1,1,i-016765f3044d331af,c4.large,31.78306794,--num-threads=2 --test=memory --memory-block-size=1875M --memory-total-size=100G run,1103.78ms,30.4902s,2
1574805970-1,1,i-0aa7bcdc028532ed6,c4.large,31.85397315,--num-threads=2 --test=memory --memory-block-size=1875M --memory-total-size=100G run,1106.04ms,30.7702s,2
1574805970-1,1,i-0aa7bcdc028532ed6,c4.large,31.5955441,--num-threads=2 --test=memory --memory-block-size=1875M --memory-total-size=100G run,1095.11ms,30.4566s,2
1574805970-1,1,i-071ac5f65ddaf9988,c4.large,32.59200788,--num-threads=2 --test=memory --memory-block-size=1875M --memory-total-size=100G run,1136.92ms,31.4645s,2
1574805970-1,1,i-071ac5f65ddaf9988,c4.large,32.13392258,--num-threads=2 --test=memory --memory-block-size=1875M --memory-total-size=100G run,1118.07ms,30.9754s,2
1574805970-1,1,i-08378b8b95d35fdd9,c4.large,31.83275652,--num-threads=2 --test=memory --memory-block-size=1875M --memory-total-size=100G run,1110.34ms,30.7383s,2
1574805970-1,1,i-08378b8b95d35fdd9,c4.large,31.58586907,--num-threads=2 --test=memory --memory-block-size=1875M --memory-total-size=100G run,1098.61ms,30.4672s,2
1574805970-2,2,i-08dc3567954ef1f78,c4.large,33.06708646,--num-threads=2 --test=memory --memory-block-size=1875M --memory-total-size=100G run,1154.08ms,31.9947s,2
1574805970-2,2,i-08dc3567954ef1f78,c4.large,33.31520414,--num-threads=2 --test=memory --memory-block-size=1875M --memory-total-size=100G run,1162.21ms,32.2139s,2
1574805970-2,2,i-0428f37fe443a7300,c4.large,26.37674427,--num-threads=2 --test=memory --memory-block-size=1875M --memory-total-size=100G run,914.02ms,25.2933s,2
1574805970-2,2,i-0428f37fe443a7300,c4.large,26.67066288,--num-threads=2 --test=memory --memory-block-size=1875M --memory-total-size=100G run,924.88ms,25.5607s,2
1574805970-2,2,i-01cc5c3fb74edb9f4,c4.large,32.8068831,--num-threads=2 --test=memory --memory-block-size=1875M --memory-total-size=100G run,1139.91ms,31.7058s,2
1574805970-2,2,i-01cc5c3fb74edb9f4,c4.large,33.18368864,--num-threads=2 --test=memory --memory-block-size=1875M --memory-total-size=100G run,1156.77ms,32.0658s,2
1574805970-2,2,i-0d412663e0824aaf1,c4.large,32.69065762,--num-threads=2 --test=memory --memory-block-size=1875M --memory-total-size=100G run,1130.53ms,31.1635s,2
1574805970-2,2,i-0d412663e0824aaf1,c4.large,33.16128612,--num-threads=2 --test=memory --memory-block-size=1875M --memory-total-size=100G run,1156.12ms,31.8931s,2
1574805970-2,2,i-002065ba899e6e35b,c4.large,33.69999886,--num-threads=2 --test=memory --memory-block-size=1875M --memory-total-size=100G run,1171.59ms,32.4856s,2
1574805970-2,2,i-002065ba899e6e35b,c4.large,31.59391904,--num-threads=2 --test=memory --memory-block-size=1875M --memory-total-size=100G run,1083.68ms,30.0353s,2
1574805970-2,2,i-04dd182533470a6a5,c4.large,36.91050982,--num-threads=2 --test=memory --memory-block-size=1875M --memory-total-size=100G run,1283.96ms,35.7029s,2
1574805970-2,2,i-04dd182533470a6a5,c4.large,30.92545176,--num-threads=2 --test=memory --memory-block-size=1875M --memory-total-size=100G run,1061.10ms,29.2763s,2
1574805970-2,2,i-0f7d608521be3c8ee,c4.large,33.09091282,--num-threads=2 --test=memory --memory-block-size=1875M --memory-total-size=100G run,1155.40ms,32.0124s,2
1574805970-2,2,i-0f7d608521be3c8ee,c4.large,33.40103579,--num-threads=2 --test=memory --memory-block-size=1875M --memory-total-size=100G run,1170.35ms,32.3164s,2
1574805970-2,2,i-0b0f0eb3feed5aba3,c4.large,33.08111453,--num-threads=2 --test=memory --memory-block-size=1875M --memory-total-size=100G run,1157.46ms,31.9690s,2
1574805970-2,2,i-0b0f0eb3feed5aba3,c4.large,33.38928723,--num-threads=2 --test=memory --memory-block-size=1875M --memory-total-size=100G run,1166.78ms,32.2459s,2
1574805970-2,2,i-03f3dfe0bee6688fa,c4.large,26.47086,--num-threads=2 --test=memory --memory-block-size=1875M --memory-total-size=100G run,916.65ms,25.3865s,2
1574805970-2,2,i-03f3dfe0bee6688fa,c4.large,26.41469002,--num-threads=2 --test=memory --memory-block-size=1875M --memory-total-size=100G run,912.50ms,25.2811s,2
1574805970-2,2,i-016765f3044d331af,c4.large,26.4122169,--num-threads=2 --test=memory --memory-block-size=1875M --memory-total-size=100G run,914.63ms,25.3276s,2
1574805970-2,2,i-016765f3044d331af,c4.large,26.70406723,--num-threads=2 --test=memory --memory-block-size=1875M --memory-total-size=100G run,923.74ms,25.5986s,2
1574805970-2,2,i-0aa7bcdc028532ed6,c4.large,24.606107,--num-threads=2 --test=memory --memory-block-size=1875M --memory-total-size=100G run,841.97ms,23.4634s,2
1574805970-2,2,i-0aa7bcdc028532ed6,c4.large,26.01115727,--num-threads=2 --test=memory --memory-block-size=1875M --memory-total-size=100G run,884.61ms,24.6286s,2
1574805970-2,2,i-071ac5f65ddaf9988,c4.large,32.93220353,--num-threads=2 --test=memory --memory-block-size=1875M --memory-total-size=100G run,1148.91ms,31.8476s,2
1574805970-2,2,i-071ac5f65ddaf9988,c4.large,33.22100234,--num-threads=2 --test=memory --memory-block-size=1875M --memory-total-size=100G run,1155.69ms,32.1103s,2
1574805970-2,2,i-08378b8b95d35fdd9,c4.large,26.34207463,--num-threads=2 --test=memory --memory-block-size=1875M --memory-total-size=100G run,909.45ms,25.0991s,2
1574805970-2,2,i-08378b8b95d35fdd9,c4.large,26.43230367,--num-threads=2 --test=memory --memory-block-size=1875M --memory-total-size=100G run,910.88ms,25.1906s,2
1574805970-3,3,i-08dc3567954ef1f78,c4.large,33.51971412,--num-threads=2 --test=memory --memory-block-size=1875M --memory-total-size=100G run,1171.74ms,32.4027s,2
1574805970-3,3,i-08dc3567954ef1f78,c4.large,33.51894546,--num-threads=2 --test=memory --memory-block-size=1875M --memory-total-size=100G run,1173.09ms,32.4258s,2
1574805970-3,3,i-01cc5c3fb74edb9f4,c4.large,33.1169219,--num-threads=2 --test=memory --memory-block-size=1875M --memory-total-size=100G run,1149.30ms,32.0056s,2
1574805970-3,3,i-01cc5c3fb74edb9f4,c4.large,33.16501927,--num-threads=2 --test=memory --memory-block-size=1875M --memory-total-size=100G run,1153.39ms,32.0507s,2
1574805970-3,3,i-0d412663e0824aaf1,c4.large,33.39573264,--num-threads=2 --test=memory --memory-block-size=1875M --memory-total-size=100G run,1167.43ms,32.2003s,2
1574805970-3,3,i-0d412663e0824aaf1,c4.large,33.47039723,--num-threads=2 --test=memory --memory-block-size=1875M --memory-total-size=100G run,1169.52ms,32.3102s,2
1574805970-3,3,i-002065ba899e6e35b,c4.large,32.86569047,--num-threads=2 --test=memory --memory-block-size=1875M --memory-total-size=100G run,1136.90ms,31.5281s,2
1574805970-3,3,i-002065ba899e6e35b,c4.large,29.18628645,--num-threads=2 --test=memory --memory-block-size=1875M --memory-total-size=100G run,999.26ms,27.7219s,2
1574805970-3,3,i-04dd182533470a6a5,c4.large,36.60760522,--num-threads=2 --test=memory --memory-block-size=1875M --memory-total-size=100G run,1278.84ms,35.4720s,2
1574805970-3,3,i-04dd182533470a6a5,c4.large,30.57721925,--num-threads=2 --test=memory --memory-block-size=1875M --memory-total-size=100G run,1048.29ms,28.9364s,2
1574805970-3,3,i-0f7d608521be3c8ee,c4.large,33.41541815,--num-threads=2 --test=memory --memory-block-size=1875M --memory-total-size=100G run,1168.16ms,32.3285s,2
1574805970-3,3,i-0f7d608521be3c8ee,c4.large,33.6552031,--num-threads=2 --test=memory --memory-block-size=1875M --memory-total-size=100G run,1176.11ms,32.5525s,2
1574805970-3,3,i-0b0f0eb3feed5aba3,c4.large,33.41559672,--num-threads=2 --test=memory --memory-block-size=1875M --memory-total-size=100G run,1168.67ms,32.2742s,2
1574805970-3,3,i-0b0f0eb3feed5aba3,c4.large,33.60935569,--num-threads=2 --test=memory --memory-block-size=1875M --memory-total-size=100G run,1178.14ms,32.4881s,2
1574805970-3,3,i-03f3dfe0bee6688fa,c4.large,22.16601896,--num-threads=2 --test=memory --memory-block-size=1875M --memory-total-size=100G run,760.83ms,21.0953s,2
1574805970-3,3,i-03f3dfe0bee6688fa,c4.large,22.18189073,--num-threads=2 --test=memory --memory-block-size=1875M --memory-total-size=100G run,762.51ms,21.0917s,2
1574805970-3,3,i-016765f3044d331af,c4.large,21.78106284,--num-threads=2 --test=memory --memory-block-size=1875M --memory-total-size=100G run,743.54ms,20.6966s,2
1574805970-3,3,i-016765f3044d331af,c4.large,22.03576136,--num-threads=2 --test=memory --memory-block-size=1875M --memory-total-size=100G run,753.37ms,20.9453s,2
1574805970-3,3,i-0aa7bcdc028532ed6,c4.large,22.00715756,--num-threads=2 --test=memory --memory-block-size=1875M --memory-total-size=100G run,756.17ms,20.8997s,2
1574805970-3,3,i-0aa7bcdc028532ed6,c4.large,22.06851339,--num-threads=2 --test=memory --memory-block-size=1875M --memory-total-size=100G run,757.90ms,20.9695s,2
1574805970-3,3,i-071ac5f65ddaf9988,c4.large,33.43282032,--num-threads=2 --test=memory --memory-block-size=1875M --memory-total-size=100G run,1164.28ms,32.3422s,2
1574805970-3,3,i-071ac5f65ddaf9988,c4.large,33.63429189,--num-threads=2 --test=memory --memory-block-size=1875M --memory-total-size=100G run,1174.46ms,32.5257s,2
1574805970-3,3,i-08378b8b95d35fdd9,c4.large,22.10422587,--num-threads=2 --test=memory --memory-block-size=1875M --memory-total-size=100G run,760.84ms,21.0292s,2
1574805970-3,3,i-08378b8b95d35fdd9,c4.large,22.07359409,--num-threads=2 --test=memory --memory-block-size=1875M --memory-total-size=100G run,758.44ms,20.9823s,2
1574805970-4,4,i-08dc3567954ef1f78,c4.large,33.12230945,--num-threads=2 --test=memory --memory-block-size=1875M --memory-total-size=100G run,1146.59ms,31.6161s,2
1574805970-4,4,i-08dc3567954ef1f78,c4.large,32.73043299,--num-threads=2 --test=memory --memory-block-size=1875M --memory-total-size=100G run,1133.35ms,31.2768s,2
1574805970-4,4,i-01cc5c3fb74edb9f4,c4.large,33.23689675,--num-threads=2 --test=memory --memory-block-size=1875M --memory-total-size=100G run,1157.53ms,32.0318s,2
1574805970-4,4,i-01cc5c3fb74edb9f4,c4.large,32.92546892,--num-threads=2 --test=memory --memory-block-size=1875M --memory-total-size=100G run,1149.49ms,31.7641s,2
1574805970-4,4,i-0d412663e0824aaf1,c4.large,33.38392353,--num-threads=2 --test=memory --memory-block-size=1875M --memory-total-size=100G run,1161.32ms,32.2903s,2
1574805970-4,4,i-0d412663e0824aaf1,c4.large,33.05086613,--num-threads=2 --test=memory --memory-block-size=1875M --memory-total-size=100G run,1152.65ms,31.9547s,2
1574805970-4,4,i-002065ba899e6e35b,c4.large,27.63383818,--num-threads=2 --test=memory --memory-block-size=1875M --memory-total-size=100G run,950.21ms,26.4489s,2
1574805970-4,4,i-002065ba899e6e35b,c4.large,26.78462601,--num-threads=2 --test=memory --memory-block-size=1875M --memory-total-size=100G run,916.22ms,25.4441s,2
1574805970-4,4,i-04dd182533470a6a5,c4.large,33.44133139,--num-threads=2 --test=memory --memory-block-size=1875M --memory-total-size=100G run,1168.44ms,32.2442s,2
1574805970-4,4,i-04dd182533470a6a5,c4.large,28.92466068,--num-threads=2 --test=memory --memory-block-size=1875M --memory-total-size=100G run,997.84ms,27.7212s,2
1574805970-4,4,i-0f7d608521be3c8ee,c4.large,33.35908246,--num-threads=2 --test=memory --memory-block-size=1875M --memory-total-size=100G run,1163.49ms,32.2679s,2
1574805970-4,4,i-0f7d608521be3c8ee,c4.large,32.99456906,--num-threads=2 --test=memory --memory-block-size=1875M --memory-total-size=100G run,1153.26ms,31.9140s,2
1574805970-4,4,i-0b0f0eb3feed5aba3,c4.large,33.42667246,--num-threads=2 --test=memory --memory-block-size=1875M --memory-total-size=100G run,1169.42ms,32.3201s,2
1574805970-4,4,i-0b0f0eb3feed5aba3,c4.large,32.98441219,--num-threads=2 --test=memory --memory-block-size=1875M --memory-total-size=100G run,1152.45ms,31.8707s,2
1574805970-4,4,i-016765f3044d331af,c4.large,15.2682035,--num-threads=2 --test=memory --memory-block-size=1875M --memory-total-size=100G run,510.59ms,14.1778s,2
1574805970-4,4,i-016765f3044d331af,c4.large,16.62627029,--num-threads=2 --test=memory --memory-block-size=1875M --memory-total-size=100G run,559.93ms,15.4929s,2
1574805970-4,4,i-0aa7bcdc028532ed6,c4.large,14.06524801,--num-threads=2 --test=memory --memory-block-size=1875M --memory-total-size=100G run,466.49ms,13.0059s,2
1574805970-4,4,i-0aa7bcdc028532ed6,c4.large,16.57001376,--num-threads=2 --test=memory --memory-block-size=1875M --memory-total-size=100G run,555.66ms,15.4377s,2
1574805970-4,4,i-071ac5f65ddaf9988,c4.large,33.37074423,--num-threads=2 --test=memory --memory-block-size=1875M --memory-total-size=100G run,1160.91ms,32.2821s,2
1574805970-4,4,i-071ac5f65ddaf9988,c4.large,33.07660794,--num-threads=2 --test=memory --memory-block-size=1875M --memory-total-size=100G run,1152.63ms,31.9669s,2
1574805970-4,4,i-08378b8b95d35fdd9,c4.large,14.78166747,--num-threads=2 --test=memory --memory-block-size=1875M --memory-total-size=100G run,492.81ms,13.7013s,2
1574805970-4,4,i-08378b8b95d35fdd9,c4.large,16.69465303,--num-threads=2 --test=memory --memory-block-size=1875M --memory-total-size=100G run,563.07ms,15.5948s,2
1574805970-5,5,i-08dc3567954ef1f78,c4.large,34.0325036,--num-threads=2 --test=memory --memory-block-size=1875M --memory-total-size=100G run,1187.19ms,32.7800s,2
1574805970-5,5,i-08dc3567954ef1f78,c4.large,31.79051495,--num-threads=2 --test=memory --memory-block-size=1875M --memory-total-size=100G run,1109.65ms,30.6193s,2
1574805970-5,5,i-01cc5c3fb74edb9f4,c4.large,34.18096495,--num-threads=2 --test=memory --memory-block-size=1875M --memory-total-size=100G run,1196.13ms,33.0788s,2
1574805970-5,5,i-01cc5c3fb74edb9f4,c4.large,31.84794784,--num-threads=2 --test=memory --memory-block-size=1875M --memory-total-size=100G run,1112.11ms,30.7327s,2
1574805970-5,5,i-0d412663e0824aaf1,c4.large,34.16195989,--num-threads=2 --test=memory --memory-block-size=1875M --memory-total-size=100G run,1195.55ms,33.0698s,2
1574805970-5,5,i-0d412663e0824aaf1,c4.large,31.80885458,--num-threads=2 --test=memory --memory-block-size=1875M --memory-total-size=100G run,1110.29ms,30.7043s,2
1574805970-5,5,i-002065ba899e6e35b,c4.large,28.90873313,--num-threads=2 --test=memory --memory-block-size=1875M --memory-total-size=100G run,1003.09ms,27.8328s,2
1574805970-5,5,i-002065ba899e6e35b,c4.large,23.40656948,--num-threads=2 --test=memory --memory-block-size=1875M --memory-total-size=100G run,798.36ms,22.2132s,2
1574805970-5,5,i-04dd182533470a6a5,c4.large,31.34596658,--num-threads=2 --test=memory --memory-block-size=1875M --memory-total-size=100G run,1081.96ms,30.0145s,2
1574805970-5,5,i-04dd182533470a6a5,c4.large,25.94600749,--num-threads=2 --test=memory --memory-block-size=1875M --memory-total-size=100G run,876.53ms,24.4103s,2
1574805970-5,5,i-0f7d608521be3c8ee,c4.large,33.98636317,--num-threads=2 --test=memory --memory-block-size=1875M --memory-total-size=100G run,1183.65ms,32.9015s,2
1574805970-5,5,i-0f7d608521be3c8ee,c4.large,31.76701093,--num-threads=2 --test=memory --memory-block-size=1875M --memory-total-size=100G run,1106.43ms,30.6650s,2
1574805970-5,5,i-0b0f0eb3feed5aba3,c4.large,34.20322108,--num-threads=2 --test=memory --memory-block-size=1875M --memory-total-size=100G run,1194.69ms,33.1205s,2
1574805970-5,5,i-0b0f0eb3feed5aba3,c4.large,31.91516018,--num-threads=2 --test=memory --memory-block-size=1875M --memory-total-size=100G run,1115.33ms,30.7691s,2
1574805970-5,5,i-0aa7bcdc028532ed6,c4.large,12.96927929,--num-threads=2 --test=memory --memory-block-size=1875M --memory-total-size=100G run,428.76ms,11.8957s,2
1574805970-5,5,i-0aa7bcdc028532ed6,c4.large,13.62132812,--num-threads=2 --test=memory --memory-block-size=1875M --memory-total-size=100G run,451.80ms,12.5338s,2
1574805970-5,5,i-071ac5f65ddaf9988,c4.large,34.13180375,--num-threads=2 --test=memory --memory-block-size=1875M --memory-total-size=100G run,1193.20ms,33.0276s,2
1574805970-5,5,i-071ac5f65ddaf9988,c4.large,31.83510208,--num-threads=2 --test=memory --memory-block-size=1875M --memory-total-size=100G run,1110.88ms,30.7410s,2
1574805970-5,5,i-08378b8b95d35fdd9,c4.large,12.43076992,--num-threads=2 --test=memory --memory-block-size=1875M --memory-total-size=100G run,408.93ms,11.3632s,2
1574805970-5,5,i-08378b8b95d35fdd9,c4.large,13.54085255,--num-threads=2 --test=memory --memory-block-size=1875M --memory-total-size=100G run,448.93ms,12.4674s,2
1574805970-6,6,i-08dc3567954ef1f78,c4.large,32.7121315,--num-threads=2 --test=memory --memory-block-size=1875M --memory-total-size=100G run,1137.59ms,31.5728s,2
1574805970-6,6,i-08dc3567954ef1f78,c4.large,28.6572392,--num-threads=2 --test=memory --memory-block-size=1875M --memory-total-size=100G run,988.74ms,27.4135s,2
1574805970-6,6,i-01cc5c3fb74edb9f4,c4.large,33.29130697,--num-threads=2 --test=memory --memory-block-size=1875M --memory-total-size=100G run,1155.99ms,31.9549s,2
1574805970-6,6,i-01cc5c3fb74edb9f4,c4.large,28.53533363,--num-threads=2 --test=memory --memory-block-size=1875M --memory-total-size=100G run,985.78ms,27.2167s,2
1574805970-6,6,i-0d412663e0824aaf1,c4.large,34.02662396,--num-threads=2 --test=memory --memory-block-size=1875M --memory-total-size=100G run,1187.94ms,32.7701s,2
1574805970-6,6,i-0d412663e0824aaf1,c4.large,30.56833529,--num-threads=2 --test=memory --memory-block-size=1875M --memory-total-size=100G run,1046.12ms,28.8256s,2
1574805970-6,6,i-002065ba899e6e35b,c4.large,24.11204576,--num-threads=2 --test=memory --memory-block-size=1875M --memory-total-size=100G run,827.28ms,23.0213s,2
1574805970-6,6,i-002065ba899e6e35b,c4.large,16.64713526,--num-threads=2 --test=memory --memory-block-size=1875M --memory-total-size=100G run,553.53ms,15.4856s,2
1574805970-6,6,i-04dd182533470a6a5,c4.large,29.24609256,--num-threads=2 --test=memory --memory-block-size=1875M --memory-total-size=100G run,1009.84ms,28.0973s,2
1574805970-6,6,i-04dd182533470a6a5,c4.large,25.15572691,--num-threads=2 --test=memory --memory-block-size=1875M --memory-total-size=100G run,848.95ms,23.6123s,2
1574805970-6,6,i-0f7d608521be3c8ee,c4.large,33.33559895,--num-threads=2 --test=memory --memory-block-size=1875M --memory-total-size=100G run,1161.28ms,32.1651s,2
1574805970-6,6,i-0f7d608521be3c8ee,c4.large,28.71920133,--num-threads=2 --test=memory --memory-block-size=1875M --memory-total-size=100G run,996.02ms,27.5347s,2
1574805970-6,6,i-0b0f0eb3feed5aba3,c4.large,32.98477888,--num-threads=2 --test=memory --memory-block-size=1875M --memory-total-size=100G run,1151.29ms,31.8988s,2
1574805970-6,6,i-0b0f0eb3feed5aba3,c4.large,28.64560103,--num-threads=2 --test=memory --memory-block-size=1875M --memory-total-size=100G run,987.06ms,27.3920s,2
1574805970-6,6,i-0aa7bcdc028532ed6,c4.large,11.71554303,--num-threads=2 --test=memory --memory-block-size=1875M --memory-total-size=100G run,383.34ms,10.6550s,2
1574805970-6,6,i-0aa7bcdc028532ed6,c4.large,12.25016046,--num-threads=2 --test=memory --memory-block-size=1875M --memory-total-size=100G run,403.02ms,11.1831s,2
1574805970-6,6,i-071ac5f65ddaf9988,c4.large,33.52836108,--num-threads=2 --test=memory --memory-block-size=1875M --memory-total-size=100G run,1168.23ms,32.2677s,2
1574805970-6,6,i-071ac5f65ddaf9988,c4.large,28.17638683,--num-threads=2 --test=memory --memory-block-size=1875M --memory-total-size=100G run,966.94ms,26.8076s,2
1574805970-7,7,i-08dc3567954ef1f78,c4.large,33.80722737,--num-threads=2 --test=memory --memory-block-size=1875M --memory-total-size=100G run,1177.91ms,32.4940s,2
1574805970-7,7,i-08dc3567954ef1f78,c4.large,29.26966929,--num-threads=2 --test=memory --memory-block-size=1875M --memory-total-size=100G run,1017.45ms,28.0600s,2
1574805970-7,7,i-01cc5c3fb74edb9f4,c4.large,33.90609717,--num-threads=2 --test=memory --memory-block-size=1875M --memory-total-size=100G run,1183.77ms,32.7879s,2
1574805970-7,7,i-01cc5c3fb74edb9f4,c4.large,28.63902664,--num-threads=2 --test=memory --memory-block-size=1875M --memory-total-size=100G run,987.11ms,27.4577s,2
1574805970-7,7,i-0d412663e0824aaf1,c4.large,33.66193604,--num-threads=2 --test=memory --memory-block-size=1875M --memory-total-size=100G run,1175.06ms,32.5732s,2
1574805970-7,7,i-0d412663e0824aaf1,c4.large,29.40058112,--num-threads=2 --test=memory --memory-block-size=1875M --memory-total-size=100G run,1022.66ms,28.2955s,2
1574805970-7,7,i-002065ba899e6e35b,c4.large,23.33169651,--num-threads=2 --test=memory --memory-block-size=1875M --memory-total-size=100G run,799.96ms,22.2530s,2
1574805970-7,7,i-002065ba899e6e35b,c4.large,16.36921787,--num-threads=2 --test=memory --memory-block-size=1875M --memory-total-size=100G run,543.08ms,15.1979s,2
1574805970-7,7,i-04dd182533470a6a5,c4.large,29.06958294,--num-threads=2 --test=memory --memory-block-size=1875M --memory-total-size=100G run,1000.63ms,27.7790s,2
1574805970-7,7,i-04dd182533470a6a5,c4.large,25.78194046,--num-threads=2 --test=memory --memory-block-size=1875M --memory-total-size=100G run,872.42ms,24.2411s,2
1574805970-7,7,i-0f7d608521be3c8ee,c4.large,33.92079258,--num-threads=2 --test=memory --memory-block-size=1875M --memory-total-size=100G run,1186.11ms,32.8371s,2
1574805970-7,7,i-0f7d608521be3c8ee,c4.large,29.28238797,--num-threads=2 --test=memory --memory-block-size=1875M --memory-total-size=100G run,1016.82ms,28.1757s,2
1574805970-7,7,i-0b0f0eb3feed5aba3,c4.large,33.92257094,--num-threads=2 --test=memory --memory-block-size=1875M --memory-total-size=100G run,1187.83ms,32.7628s,2
1574805970-7,7,i-0b0f0eb3feed5aba3,c4.large,29.41855884,--num-threads=2 --test=memory --memory-block-size=1875M --memory-total-size=100G run,1024.09ms,28.2606s,2
1574805970-7,7,i-071ac5f65ddaf9988,c4.large,33.92259932,--num-threads=2 --test=memory --memory-block-size=1875M --memory-total-size=100G run,1181.34ms,32.8084s,2
1574805970-7,7,i-071ac5f65ddaf9988,c4.large,29.19536853,--num-threads=2 --test=memory --memory-block-size=1875M --memory-total-size=100G run,1011.94ms,28.0891s,2
1574805970-8,8,i-08dc3567954ef1f78,c4.large,28.84974194,--num-threads=2 --test=memory --memory-block-size=1875M --memory-total-size=100G run,1003.31ms,27.7175s,2
1574805970-8,8,i-08dc3567954ef1f78,c4.large,29.53084207,--num-threads=2 --test=memory --memory-block-size=1875M --memory-total-size=100G run,1025.56ms,28.3052s,2
1574805970-8,8,i-01cc5c3fb74edb9f4,c4.large,28.43914461,--num-threads=2 --test=memory --memory-block-size=1875M --memory-total-size=100G run,982.25ms,27.1947s,2
1574805970-8,8,i-01cc5c3fb74edb9f4,c4.large,29.65002799,--num-threads=2 --test=memory --memory-block-size=1875M --memory-total-size=100G run,1028.49ms,28.4067s,2
1574805970-8,8,i-0d412663e0824aaf1,c4.large,28.76836205,--num-threads=2 --test=memory --memory-block-size=1875M --memory-total-size=100G run,999.26ms,27.6885s,2
1574805970-8,8,i-0d412663e0824aaf1,c4.large,29.51026845,--num-threads=2 --test=memory --memory-block-size=1875M --memory-total-size=100G run,1025.71ms,28.3657s,2
1574805970-8,8,i-04dd182533470a6a5,c4.large,26.38167167,--num-threads=2 --test=memory --memory-block-size=1875M --memory-total-size=100G run,906.85ms,25.1896s,2
1574805970-8,8,i-04dd182533470a6a5,c4.large,25.55319548,--num-threads=2 --test=memory --memory-block-size=1875M --memory-total-size=100G run,871.16ms,24.2038s,2
1574805970-8,8,i-0f7d608521be3c8ee,c4.large,28.08982801,--num-threads=2 --test=memory --memory-block-size=1875M --memory-total-size=100G run,970.00ms,27.0006s,2
1574805970-8,8,i-0f7d608521be3c8ee,c4.large,29.50467825,--num-threads=2 --test=memory --memory-block-size=1875M --memory-total-size=100G run,1019.13ms,28.3413s,2
1574805970-8,8,i-0b0f0eb3feed5aba3,c4.large,28.91534972,--num-threads=2 --test=memory --memory-block-size=1875M --memory-total-size=100G run,1007.33ms,27.7889s,2
1574805970-8,8,i-0b0f0eb3feed5aba3,c4.large,29.57029057,--num-threads=2 --test=memory --memory-block-size=1875M --memory-total-size=100G run,1026.76ms,28.3071s,2
1574805970-8,8,i-071ac5f65ddaf9988,c4.large,28.25516653,--num-threads=2 --test=memory --memory-block-size=1875M --memory-total-size=100G run,978.00ms,27.1637s,2
1574805970-8,8,i-071ac5f65ddaf9988,c4.large,29.33122587,--num-threads=2 --test=memory --memory-block-size=1875M --memory-total-size=100G run,1015.62ms,28.1694s,2
1574805970-9,9,i-08dc3567954ef1f78,c4.large,27.75174928,--num-threads=2 --test=memory --memory-block-size=1875M --memory-total-size=100G run,963.98ms,26.6679s,2
1574805970-9,9,i-08dc3567954ef1f78,c4.large,28.21622252,--num-threads=2 --test=memory --memory-block-size=1875M --memory-total-size=100G run,980.57ms,27.0657s,2
1574805970-9,9,i-01cc5c3fb74edb9f4,c4.large,27.56762123,--num-threads=2 --test=memory --memory-block-size=1875M --memory-total-size=100G run,953.71ms,26.4733s,2
1574805970-9,9,i-01cc5c3fb74edb9f4,c4.large,28.27057576,--num-threads=2 --test=memory --memory-block-size=1875M --memory-total-size=100G run,981.35ms,27.1742s,2
1574805970-9,9,i-0d412663e0824aaf1,c4.large,26.7380085,--num-threads=2 --test=memory --memory-block-size=1875M --memory-total-size=100G run,920.26ms,25.6484s,2
1574805970-9,9,i-0d412663e0824aaf1,c4.large,27.67852283,--num-threads=2 --test=memory --memory-block-size=1875M --memory-total-size=100G run,951.21ms,26.4076s,2
1574805970-9,9,i-0f7d608521be3c8ee,c4.large,27.69748473,--num-threads=2 --test=memory --memory-block-size=1875M --memory-total-size=100G run,961.07ms,26.5855s,2
1574805970-9,9,i-0f7d608521be3c8ee,c4.large,28.27953291,--num-threads=2 --test=memory --memory-block-size=1875M --memory-total-size=100G run,983.36ms,27.1715s,2
1574805970-9,9,i-0b0f0eb3feed5aba3,c4.large,27.554847,--num-threads=2 --test=memory --memory-block-size=1875M --memory-total-size=100G run,953.97ms,26.4371s,2
1574805970-9,9,i-0b0f0eb3feed5aba3,c4.large,28.06520653,--num-threads=2 --test=memory --memory-block-size=1875M --memory-total-size=100G run,971.11ms,26.9744s,2
1574805970-9,9,i-071ac5f65ddaf9988,c4.large,27.75948977,--num-threads=2 --test=memory --memory-block-size=1875M --memory-total-size=100G run,963.68ms,26.6773s,2
1574805970-9,9,i-071ac5f65ddaf9988,c4.large,28.33580303,--num-threads=2 --test=memory --memory-block-size=1875M --memory-total-size=100G run,984.51ms,27.2354s,2
1574805970-10,10,i-08dc3567954ef1f78,c4.large,23.85165763,--num-threads=2 --test=memory --memory-block-size=1875M --memory-total-size=100G run,822.10ms,22.7831s,2
1574805970-10,10,i-08dc3567954ef1f78,c4.large,24.10841799,--num-threads=2 --test=memory --memory-block-size=1875M --memory-total-size=100G run,832.44ms,23.0285s,2
1574805970-10,10,i-0d412663e0824aaf1,c4.large,23.60524225,--num-threads=2 --test=memory --memory-block-size=1875M --memory-total-size=100G run,809.13ms,22.4024s,2
1574805970-10,10,i-0d412663e0824aaf1,c4.large,23.97161698,--num-threads=2 --test=memory --memory-block-size=1875M --memory-total-size=100G run,825.19ms,22.8758s,2
1574805970-10,10,i-0f7d608521be3c8ee,c4.large,23.90717959,--num-threads=2 --test=memory --memory-block-size=1875M --memory-total-size=100G run,824.52ms,22.8303s,2
1574805970-10,10,i-0f7d608521be3c8ee,c4.large,24.02791882,--num-threads=2 --test=memory --memory-block-size=1875M --memory-total-size=100G run,828.06ms,22.9718s,2
1574805970-10,10,i-0b0f0eb3feed5aba3,c4.large,23.97248697,--num-threads=2 --test=memory --memory-block-size=1875M --memory-total-size=100G run,823.62ms,22.8796s,2
1574805970-10,10,i-0b0f0eb3feed5aba3,c4.large,24.12125349,--num-threads=2 --test=memory --memory-block-size=1875M --memory-total-size=100G run,831.82ms,23.0588s,2
1574805970-10,10,i-071ac5f65ddaf9988,c4.large,23.95088363,--num-threads=2 --test=memory --memory-block-size=1875M --memory-total-size=100G run,826.38ms,22.8821s,2
1574805970-10,10,i-071ac5f65ddaf9988,c4.large,24.09257722,--num-threads=2 --test=memory --memory-block-size=1875M --memory-total-size=100G run,832.24ms,23.0159s,2
1574805970-11,11,i-08dc3567954ef1f78,c4.large,19.40878034,--num-threads=2 --test=memory --memory-block-size=1875M --memory-total-size=100G run,660.01ms,18.2660s,2
1574805970-11,11,i-08dc3567954ef1f78,c4.large,19.36497736,--num-threads=2 --test=memory --memory-block-size=1875M --memory-total-size=100G run,662.28ms,18.3141s,2
1574805970-11,11,i-0d412663e0824aaf1,c4.large,19.37888455,--num-threads=2 --test=memory --memory-block-size=1875M --memory-total-size=100G run,661.40ms,18.2827s,2
1574805970-11,11,i-0d412663e0824aaf1,c4.large,19.36519599,--num-threads=2 --test=memory --memory-block-size=1875M --memory-total-size=100G run,661.87ms,18.3024s,2
1574805970-11,11,i-0f7d608521be3c8ee,c4.large,19.44054508,--num-threads=2 --test=memory --memory-block-size=1875M --memory-total-size=100G run,662.52ms,18.3763s,2
1574805970-11,11,i-0f7d608521be3c8ee,c4.large,19.44631982,--num-threads=2 --test=memory --memory-block-size=1875M --memory-total-size=100G run,663.15ms,18.3916s,2
1574805970-11,11,i-0b0f0eb3feed5aba3,c4.large,19.36495829,--num-threads=2 --test=memory --memory-block-size=1875M --memory-total-size=100G run,657.95ms,18.2793s,2
1574805970-11,11,i-0b0f0eb3feed5aba3,c4.large,19.37197256,--num-threads=2 --test=memory --memory-block-size=1875M --memory-total-size=100G run,659.67ms,18.3139s,2
1574805970-12,12,i-08dc3567954ef1f78,c4.large,14.65732169,--num-threads=2 --test=memory --memory-block-size=1875M --memory-total-size=100G run,490.20ms,13.6058s,2
1574805970-12,12,i-08dc3567954ef1f78,c4.large,13.97809196,--num-threads=2 --test=memory --memory-block-size=1875M --memory-total-size=100G run,463.40ms,12.9051s,2
1574805970-12,12,i-0d412663e0824aaf1,c4.large,15.93204093,--num-threads=2 --test=memory --memory-block-size=1875M --memory-total-size=100G run,533.53ms,14.7451s,2
1574805970-12,12,i-0d412663e0824aaf1,c4.large,14.20767307,--num-threads=2 --test=memory --memory-block-size=1875M --memory-total-size=100G run,473.34ms,13.1234s,2
1574805970-12,12,i-0b0f0eb3feed5aba3,c4.large,14.65685868,--num-threads=2 --test=memory --memory-block-size=1875M --memory-total-size=100G run,488.50ms,13.5880s,2
1574805970-12,12,i-0b0f0eb3feed5aba3,c4.large,14.37193012,--num-threads=2 --test=memory --memory-block-size=1875M --memory-total-size=100G run,480.13ms,13.3031s,2
1574805970-13,13,i-08dc3567954ef1f78,c4.large,12.28025484,--num-threads=2 --test=memory --memory-block-size=1875M --memory-total-size=100G run,404.38ms,11.2244s,2
1574805970-13,13,i-08dc3567954ef1f78,c4.large,12.32404876,--num-threads=2 --test=memory --memory-block-size=1875M --memory-total-size=100G run,406.72ms,11.2842s,2
1574805970-13,13,i-0d412663e0824aaf1,c4.large,12.27071571,--num-threads=2 --test=memory --memory-block-size=1875M --memory-total-size=100G run,402.88ms,11.1894s,2
1574805970-13,13,i-0d412663e0824aaf1,c4.large,12.29209876,--num-threads=2 --test=memory --memory-block-size=1875M --memory-total-size=100G run,405.08ms,11.2513s,2
1574805970-14,14,i-0d412663e0824aaf1,c4.large,11.86523032,--num-threads=2 --test=memory --memory-block-size=1875M --memory-total-size=100G run,388.73ms,10.7953s,2
1574805970-14,14,i-0d412663e0824aaf1,c4.large,11.55813932,--num-threads=2 --test=memory --memory-block-size=1875M --memory-total-size=100G run,378.52ms,10.5170s,2