instanceID,experimentID,instanceType,memoryInfo,processorInfo,sysTopology,osVersion,testStartTime,availableMemory,isMultiThread,cpuUtilization,multiCoreEfficiency,computationTime,benchmarkTime,wallTime
i-081386f91917e838e,1573766814-0,m5d.large,7.51 GiB,Intel(R) Xeon(R) Platinum 8175M CPU @ 2.50GHz,2 threads / 1 core / 1 socket / 1 NUMA node,0.7.5.9480 (Linux/17-SKX ~ Kotori),Thu Nov 14 21:28:01 2019,7.18 GiB,Push,197.10 %,98.55 %,5.180,5.352,5.82039213180542
i-081386f91917e838e,1573766814-0,m5d.large,7.51 GiB,Intel(R) Xeon(R) Platinum 8175M CPU @ 2.50GHz,2 threads / 1 core / 1 socket / 1 NUMA node,0.7.5.9480 (Linux/17-SKX ~ Kotori),Thu Nov 14 21:28:07 2019,7.17 GiB,Push,196.17 %,98.09 %,5.210,5.673,6.102687358856201
i-081386f91917e838e,1573766814-0,m5d.large,7.51 GiB,Intel(R) Xeon(R) Platinum 8175M CPU @ 2.50GHz,2 threads / 1 core / 1 socket / 1 NUMA node,0.7.5.9480 (Linux/17-SKX ~ Kotori),Thu Nov 14 21:28:13 2019,7.18 GiB,Push,194.59 %,97.30 %,5.206,5.443,5.877023696899414
i-081386f91917e838e,1573766814-0,m5d.large,7.51 GiB,Intel(R) Xeon(R) Platinum 8175M CPU @ 2.50GHz,2 threads / 1 core / 1 socket / 1 NUMA node,0.7.5.9480 (Linux/17-SKX ~ Kotori),Thu Nov 14 21:28:19 2019,7.18 GiB,Push,196.67 %,98.33 %,5.181,5.403,5.8341779708862305
i-081386f91917e838e,1573766814-0,m5d.large,7.51 GiB,Intel(R) Xeon(R) Platinum 8175M CPU @ 2.50GHz,2 threads / 1 core / 1 socket / 1 NUMA node,0.7.5.9480 (Linux/17-SKX ~ Kotori),Thu Nov 14 21:28:25 2019,7.18 GiB,Push,196.55 %,98.27 %,5.174,5.495,5.931552410125732
i-081386f91917e838e,1573766814-0,m5d.large,7.51 GiB,Intel(R) Xeon(R) Platinum 8175M CPU @ 2.50GHz,2 threads / 1 core / 1 socket / 1 NUMA node,0.7.5.9480 (Linux/17-SKX ~ Kotori),Thu Nov 14 21:28:32 2019,7.18 GiB,Push,196.87 %,98.43 %,5.186,5.490,5.931471586227417
i-081386f91917e838e,1573766814-0,m5d.large,7.51 GiB,Intel(R) Xeon(R) Platinum 8175M CPU @ 2.50GHz,2 threads / 1 core / 1 socket / 1 NUMA node,0.7.5.9480 (Linux/17-SKX ~ Kotori),Thu Nov 14 21:28:38 2019,7.18 GiB,Push,196.16 %,98.08 %,5.195,5.396,5.826349973678589
i-081386f91917e838e,1573766814-0,m5d.large,7.51 GiB,Intel(R) Xeon(R) Platinum 8175M CPU @ 2.50GHz,2 threads / 1 core / 1 socket / 1 NUMA node,0.7.5.9480 (Linux/17-SKX ~ Kotori),Thu Nov 14 21:28:44 2019,7.18 GiB,Push,195.28 %,97.64 %,5.177,5.519,5.959368944168091
i-081386f91917e838e,1573766814-0,m5d.large,7.51 GiB,Intel(R) Xeon(R) Platinum 8175M CPU @ 2.50GHz,2 threads / 1 core / 1 socket / 1 NUMA node,0.7.5.9480 (Linux/17-SKX ~ Kotori),Thu Nov 14 21:28:50 2019,7.18 GiB,Push,196.72 %,98.36 %,5.221,5.420,5.861090898513794
i-081386f91917e838e,1573766814-0,m5d.large,7.51 GiB,Intel(R) Xeon(R) Platinum 8175M CPU @ 2.50GHz,2 threads / 1 core / 1 socket / 1 NUMA node,0.7.5.9480 (Linux/17-SKX ~ Kotori),Thu Nov 14 21:28:56 2019,7.18 GiB,Push,196.64 %,98.32 %,5.228,5.531,6.080884218215942
i-00ff625dd40e36264,1573766814-0,m5d.large,7.51 GiB,Intel(R) Xeon(R) Platinum 8175M CPU @ 2.50GHz,2 threads / 1 core / 1 socket / 1 NUMA node,0.7.5.9480 (Linux/17-SKX ~ Kotori),Thu Nov 14 21:28:02 2019,7.18 GiB,Push,196.92 %,98.46 %,5.195,5.367,6.48426079750061
i-00ff625dd40e36264,1573766814-0,m5d.large,7.51 GiB,Intel(R) Xeon(R) Platinum 8175M CPU @ 2.50GHz,2 threads / 1 core / 1 socket / 1 NUMA node,0.7.5.9480 (Linux/17-SKX ~ Kotori),Thu Nov 14 21:28:08 2019,7.17 GiB,Push,195.71 %,97.85 %,5.202,5.545,6.000187873840332
i-00ff625dd40e36264,1573766814-0,m5d.large,7.51 GiB,Intel(R) Xeon(R) Platinum 8175M CPU @ 2.50GHz,2 threads / 1 core / 1 socket / 1 NUMA node,0.7.5.9480 (Linux/17-SKX ~ Kotori),Thu Nov 14 21:28:14 2019,7.18 GiB,Push,195.11 %,97.55 %,5.218,5.485,6.035269498825073
i-00ff625dd40e36264,1573766814-0,m5d.large,7.51 GiB,Intel(R) Xeon(R) Platinum 8175M CPU @ 2.50GHz,2 threads / 1 core / 1 socket / 1 NUMA node,0.7.5.9480 (Linux/17-SKX ~ Kotori),Thu Nov 14 21:28:21 2019,7.18 GiB,Push,196.57 %,98.29 %,5.194,5.529,5.9733452796936035
i-00ff625dd40e36264,1573766814-0,m5d.large,7.51 GiB,Intel(R) Xeon(R) Platinum 8175M CPU @ 2.50GHz,2 threads / 1 core / 1 socket / 1 NUMA node,0.7.5.9480 (Linux/17-SKX ~ Kotori),Thu Nov 14 21:28:27 2019,7.18 GiB,Push,197.08 %,98.54 %,5.216,5.425,5.903048276901245
i-00ff625dd40e36264,1573766814-0,m5d.large,7.51 GiB,Intel(R) Xeon(R) Platinum 8175M CPU @ 2.50GHz,2 threads / 1 core / 1 socket / 1 NUMA node,0.7.5.9480 (Linux/17-SKX ~ Kotori),Thu Nov 14 21:28:33 2019,7.18 GiB,Push,196.42 %,98.21 %,5.229,5.432,5.880499839782715
i-00ff625dd40e36264,1573766814-0,m5d.large,7.51 GiB,Intel(R) Xeon(R) Platinum 8175M CPU @ 2.50GHz,2 threads / 1 core / 1 socket / 1 NUMA node,0.7.5.9480 (Linux/17-SKX ~ Kotori),Thu Nov 14 21:28:39 2019,7.18 GiB,Push,196.86 %,98.43 %,5.192,5.396,5.839223623275757
i-00ff625dd40e36264,1573766814-0,m5d.large,7.51 GiB,Intel(R) Xeon(R) Platinum 8175M CPU @ 2.50GHz,2 threads / 1 core / 1 socket / 1 NUMA node,0.7.5.9480 (Linux/17-SKX ~ Kotori),Thu Nov 14 21:28:45 2019,7.18 GiB,Push,196.90 %,98.45 %,5.160,5.364,5.806601524353027
i-00ff625dd40e36264,1573766814-0,m5d.large,7.51 GiB,Intel(R) Xeon(R) Platinum 8175M CPU @ 2.50GHz,2 threads / 1 core / 1 socket / 1 NUMA node,0.7.5.9480 (Linux/17-SKX ~ Kotori),Thu Nov 14 21:28:51 2019,7.18 GiB,Push,196.56 %,98.28 %,5.199,5.649,6.100391149520874
i-00ff625dd40e36264,1573766814-0,m5d.large,7.51 GiB,Intel(R) Xeon(R) Platinum 8175M CPU @ 2.50GHz,2 threads / 1 core / 1 socket / 1 NUMA node,0.7.5.9480 (Linux/17-SKX ~ Kotori),Thu Nov 14 21:28:57 2019,7.18 GiB,Push,196.84 %,98.42 %,5.182,5.391,5.8403239250183105
i-048437a988cd24bc2,1573766814-0,m5d.large,7.51 GiB,Intel(R) Xeon(R) Platinum 8175M CPU @ 2.50GHz,2 threads / 1 core / 1 socket / 1 NUMA node,0.7.5.9480 (Linux/17-SKX ~ Kotori),Thu Nov 14 21:28:02 2019,7.18 GiB,Push,196.68 %,98.34 %,5.135,5.307,6.5183494091033936
i-048437a988cd24bc2,1573766814-0,m5d.large,7.51 GiB,Intel(R) Xeon(R) Platinum 8175M CPU @ 2.50GHz,2 threads / 1 core / 1 socket / 1 NUMA node,0.7.5.9480 (Linux/17-SKX ~ Kotori),Thu Nov 14 21:28:08 2019,7.17 GiB,Push,196.83 %,98.41 %,5.126,5.451,5.922585725784302
i-048437a988cd24bc2,1573766814-0,m5d.large,7.51 GiB,Intel(R) Xeon(R) Platinum 8175M CPU @ 2.50GHz,2 threads / 1 core / 1 socket / 1 NUMA node,0.7.5.9480 (Linux/17-SKX ~ Kotori),Thu Nov 14 21:28:14 2019,7.18 GiB,Push,195.41 %,97.71 %,5.174,5.475,5.92396354675293
i-048437a988cd24bc2,1573766814-0,m5d.large,7.51 GiB,Intel(R) Xeon(R) Platinum 8175M CPU @ 2.50GHz,2 threads / 1 core / 1 socket / 1 NUMA node,0.7.5.9480 (Linux/17-SKX ~ Kotori),Thu Nov 14 21:28:20 2019,7.18 GiB,Push,196.47 %,98.24 %,5.131,5.441,5.880215883255005
i-048437a988cd24bc2,1573766814-0,m5d.large,7.51 GiB,Intel(R) Xeon(R) Platinum 8175M CPU @ 2.50GHz,2 threads / 1 core / 1 socket / 1 NUMA node,0.7.5.9480 (Linux/17-SKX ~ Kotori),Thu Nov 14 21:28:26 2019,7.18 GiB,Push,197.40 %,98.70 %,5.127,5.353,5.790361642837524
i-048437a988cd24bc2,1573766814-0,m5d.large,7.51 GiB,Intel(R) Xeon(R) Platinum 8175M CPU @ 2.50GHz,2 threads / 1 core / 1 socket / 1 NUMA node,0.7.5.9480 (Linux/17-SKX ~ Kotori),Thu Nov 14 21:28:33 2019,7.18 GiB,Push,196.41 %,98.21 %,5.142,5.352,5.791620969772339
i-048437a988cd24bc2,1573766814-0,m5d.large,7.51 GiB,Intel(R) Xeon(R) Platinum 8175M CPU @ 2.50GHz,2 threads / 1 core / 1 socket / 1 NUMA node,0.7.5.9480 (Linux/17-SKX ~ Kotori),Thu Nov 14 21:28:39 2019,7.18 GiB,Push,196.77 %,98.39 %,5.153,5.372,5.8120856285095215
i-048437a988cd24bc2,1573766814-0,m5d.large,7.51 GiB,Intel(R) Xeon(R) Platinum 8175M CPU @ 2.50GHz,2 threads / 1 core / 1 socket / 1 NUMA node,0.7.5.9480 (Linux/17-SKX ~ Kotori),Thu Nov 14 21:28:45 2019,7.18 GiB,Push,197.13 %,98.56 %,5.144,5.355,5.798150062561035
i-048437a988cd24bc2,1573766814-0,m5d.large,7.51 GiB,Intel(R) Xeon(R) Platinum 8175M CPU @ 2.50GHz,2 threads / 1 core / 1 socket / 1 NUMA node,0.7.5.9480 (Linux/17-SKX ~ Kotori),Thu Nov 14 21:28:51 2019,7.18 GiB,Push,196.67 %,98.33 %,5.141,5.349,5.7855870723724365
i-048437a988cd24bc2,1573766814-0,m5d.large,7.51 GiB,Intel(R) Xeon(R) Platinum 8175M CPU @ 2.50GHz,2 threads / 1 core / 1 socket / 1 NUMA node,0.7.5.9480 (Linux/17-SKX ~ Kotori),Thu Nov 14 21:28:57 2019,7.18 GiB,Push,196.90 %,98.45 %,5.130,5.463,5.900240659713745
i-0eb7976be5aeffcb4,1573766814-0,m5d.large,7.51 GiB,Intel(R) Xeon(R) Platinum 8175M CPU @ 2.50GHz,2 threads / 1 core / 1 socket / 1 NUMA node,0.7.5.9480 (Linux/17-SKX ~ Kotori),Thu Nov 14 21:28:02 2019,7.18 GiB,Push,197.38 %,98.69 %,5.163,5.348,6.802951812744141
i-0eb7976be5aeffcb4,1573766814-0,m5d.large,7.51 GiB,Intel(R) Xeon(R) Platinum 8175M CPU @ 2.50GHz,2 threads / 1 core / 1 socket / 1 NUMA node,0.7.5.9480 (Linux/17-SKX ~ Kotori),Thu Nov 14 21:28:08 2019,7.17 GiB,Push,196.60 %,98.30 %,5.117,5.383,5.828672170639038
i-0eb7976be5aeffcb4,1573766814-0,m5d.large,7.51 GiB,Intel(R) Xeon(R) Platinum 8175M CPU @ 2.50GHz,2 threads / 1 core / 1 socket / 1 NUMA node,0.7.5.9480 (Linux/17-SKX ~ Kotori),Thu Nov 14 21:28:15 2019,7.18 GiB,Push,195.44 %,97.72 %,5.158,5.414,5.858621597290039
i-0eb7976be5aeffcb4,1573766814-0,m5d.large,7.51 GiB,Intel(R) Xeon(R) Platinum 8175M CPU @ 2.50GHz,2 threads / 1 core / 1 socket / 1 NUMA node,0.7.5.9480 (Linux/17-SKX ~ Kotori),Thu Nov 14 21:28:21 2019,7.18 GiB,Push,197.45 %,98.73 %,5.135,5.351,5.790342807769775
i-0eb7976be5aeffcb4,1573766814-0,m5d.large,7.51 GiB,Intel(R) Xeon(R) Platinum 8175M CPU @ 2.50GHz,2 threads / 1 core / 1 socket / 1 NUMA node,0.7.5.9480 (Linux/17-SKX ~ Kotori),Thu Nov 14 21:28:27 2019,7.18 GiB,Push,196.93 %,98.47 %,5.119,5.333,5.7739176750183105
i-0eb7976be5aeffcb4,1573766814-0,m5d.large,7.51 GiB,Intel(R) Xeon(R) Platinum 8175M CPU @ 2.50GHz,2 threads / 1 core / 1 socket / 1 NUMA node,0.7.5.9480 (Linux/17-SKX ~ Kotori),Thu Nov 14 21:28:33 2019,7.18 GiB,Push,196.66 %,98.33 %,5.156,5.361,5.807093143463135
i-0eb7976be5aeffcb4,1573766814-0,m5d.large,7.51 GiB,Intel(R) Xeon(R) Platinum 8175M CPU @ 2.50GHz,2 threads / 1 core / 1 socket / 1 NUMA node,0.7.5.9480 (Linux/17-SKX ~ Kotori),Thu Nov 14 21:28:39 2019,7.18 GiB,Push,196.17 %,98.09 %,5.149,5.350,5.787030458450317
i-0eb7976be5aeffcb4,1573766814-0,m5d.large,7.51 GiB,Intel(R) Xeon(R) Platinum 8175M CPU @ 2.50GHz,2 threads / 1 core / 1 socket / 1 NUMA node,0.7.5.9480 (Linux/17-SKX ~ Kotori),Thu Nov 14 21:28:45 2019,7.18 GiB,Push,196.17 %,98.08 %,5.113,5.314,5.753196716308594
i-0eb7976be5aeffcb4,1573766814-0,m5d.large,7.51 GiB,Intel(R) Xeon(R) Platinum 8175M CPU @ 2.50GHz,2 threads / 1 core / 1 socket / 1 NUMA node,0.7.5.9480 (Linux/17-SKX ~ Kotori),Thu Nov 14 21:28:51 2019,7.18 GiB,Push,196.51 %,98.26 %,5.175,5.377,5.81367564201355
i-0eb7976be5aeffcb4,1573766814-0,m5d.large,7.51 GiB,Intel(R) Xeon(R) Platinum 8175M CPU @ 2.50GHz,2 threads / 1 core / 1 socket / 1 NUMA node,0.7.5.9480 (Linux/17-SKX ~ Kotori),Thu Nov 14 21:28:57 2019,7.18 GiB,Push,196.54 %,98.27 %,5.134,5.340,5.77486777305603
i-02318c82e163422e3,1573766814-0,m5d.large,7.51 GiB,Intel(R) Xeon(R) Platinum 8175M CPU @ 2.50GHz,2 threads / 1 core / 1 socket / 1 NUMA node,0.7.5.9480 (Linux/17-SKX ~ Kotori),Thu Nov 14 21:28:01 2019,7.18 GiB,Push,196.89 %,98.45 %,5.150,5.320,5.784317970275879
i-02318c82e163422e3,1573766814-0,m5d.large,7.51 GiB,Intel(R) Xeon(R) Platinum 8175M CPU @ 2.50GHz,2 threads / 1 core / 1 socket / 1 NUMA node,0.7.5.9480 (Linux/17-SKX ~ Kotori),Thu Nov 14 21:28:07 2019,7.17 GiB,Push,196.39 %,98.19 %,5.148,5.374,5.804261684417725
i-02318c82e163422e3,1573766814-0,m5d.large,7.51 GiB,Intel(R) Xeon(R) Platinum 8175M CPU @ 2.50GHz,2 threads / 1 core / 1 socket / 1 NUMA node,0.7.5.9480 (Linux/17-SKX ~ Kotori),Thu Nov 14 21:28:13 2019,7.18 GiB,Push,195.88 %,97.94 %,5.187,5.405,5.8335607051849365
i-02318c82e163422e3,1573766814-0,m5d.large,7.51 GiB,Intel(R) Xeon(R) Platinum 8175M CPU @ 2.50GHz,2 threads / 1 core / 1 socket / 1 NUMA node,0.7.5.9480 (Linux/17-SKX ~ Kotori),Thu Nov 14 21:28:19 2019,7.18 GiB,Push,196.88 %,98.44 %,5.181,5.378,5.809423446655273
i-02318c82e163422e3,1573766814-0,m5d.large,7.51 GiB,Intel(R) Xeon(R) Platinum 8175M CPU @ 2.50GHz,2 threads / 1 core / 1 socket / 1 NUMA node,0.7.5.9480 (Linux/17-SKX ~ Kotori),Thu Nov 14 21:28:25 2019,7.18 GiB,Push,196.76 %,98.38 %,5.184,5.388,5.818525075912476
i-02318c82e163422e3,1573766814-0,m5d.large,7.51 GiB,Intel(R) Xeon(R) Platinum 8175M CPU @ 2.50GHz,2 threads / 1 core / 1 socket / 1 NUMA node,0.7.5.9480 (Linux/17-SKX ~ Kotori),Thu Nov 14 21:28:31 2019,7.18 GiB,Push,197.04 %,98.52 %,5.116,5.315,5.742200136184692
i-02318c82e163422e3,1573766814-0,m5d.large,7.51 GiB,Intel(R) Xeon(R) Platinum 8175M CPU @ 2.50GHz,2 threads / 1 core / 1 socket / 1 NUMA node,0.7.5.9480 (Linux/17-SKX ~ Kotori),Thu Nov 14 21:28:37 2019,7.18 GiB,Push,196.83 %,98.42 %,5.152,5.354,5.7865447998046875
i-02318c82e163422e3,1573766814-0,m5d.large,7.51 GiB,Intel(R) Xeon(R) Platinum 8175M CPU @ 2.50GHz,2 threads / 1 core / 1 socket / 1 NUMA node,0.7.5.9480 (Linux/17-SKX ~ Kotori),Thu Nov 14 21:28:43 2019,7.18 GiB,Push,196.63 %,98.32 %,5.167,5.363,5.797067403793335
i-02318c82e163422e3,1573766814-0,m5d.large,7.51 GiB,Intel(R) Xeon(R) Platinum 8175M CPU @ 2.50GHz,2 threads / 1 core / 1 socket / 1 NUMA node,0.7.5.9480 (Linux/17-SKX ~ Kotori),Thu Nov 14 21:28:49 2019,7.18 GiB,Push,197.05 %,98.52 %,5.151,5.354,5.7842793464660645
i-02318c82e163422e3,1573766814-0,m5d.large,7.51 GiB,Intel(R) Xeon(R) Platinum 8175M CPU @ 2.50GHz,2 threads / 1 core / 1 socket / 1 NUMA node,0.7.5.9480 (Linux/17-SKX ~ Kotori),Thu Nov 14 21:28:55 2019,7.18 GiB,Push,196.44 %,98.22 %,5.141,5.338,5.776113986968994
i-0b9d71dac855d7716,1573766814-0,m5d.large,7.51 GiB,Intel(R) Xeon(R) Platinum 8175M CPU @ 2.50GHz,2 threads / 1 core / 1 socket / 1 NUMA node,0.7.5.9480 (Linux/17-SKX ~ Kotori),Thu Nov 14 21:28:02 2019,7.18 GiB,Push,196.49 %,98.24 %,4.122,4.280,4.85951566696167
i-0b9d71dac855d7716,1573766814-0,m5d.large,7.51 GiB,Intel(R) Xeon(R) Platinum 8175M CPU @ 2.50GHz,2 threads / 1 core / 1 socket / 1 NUMA node,0.7.5.9480 (Linux/17-SKX ~ Kotori),Thu Nov 14 21:28:06 2019,7.17 GiB,Push,195.26 %,97.63 %,4.112,4.323,4.849960565567017
i-0b9d71dac855d7716,1573766814-0,m5d.large,7.51 GiB,Intel(R) Xeon(R) Platinum 8175M CPU @ 2.50GHz,2 threads / 1 core / 1 socket / 1 NUMA node,0.7.5.9480 (Linux/17-SKX ~ Kotori),Thu Nov 14 21:28:12 2019,7.18 GiB,Push,196.61 %,98.31 %,4.120,4.319,4.739251375198364
i-0b9d71dac855d7716,1573766814-0,m5d.large,7.51 GiB,Intel(R) Xeon(R) Platinum 8175M CPU @ 2.50GHz,2 threads / 1 core / 1 socket / 1 NUMA node,0.7.5.9480 (Linux/17-SKX ~ Kotori),Thu Nov 14 21:28:16 2019,7.18 GiB,Push,197.56 %,98.78 %,4.120,4.305,4.73939323425293
i-0b9d71dac855d7716,1573766814-0,m5d.large,7.51 GiB,Intel(R) Xeon(R) Platinum 8175M CPU @ 2.50GHz,2 threads / 1 core / 1 socket / 1 NUMA node,0.7.5.9480 (Linux/17-SKX ~ Kotori),Thu Nov 14 21:28:21 2019,7.18 GiB,Push,196.52 %,98.26 %,4.107,4.295,4.711574077606201
i-0b9d71dac855d7716,1573766814-0,m5d.large,7.51 GiB,Intel(R) Xeon(R) Platinum 8175M CPU @ 2.50GHz,2 threads / 1 core / 1 socket / 1 NUMA node,0.7.5.9480 (Linux/17-SKX ~ Kotori),Thu Nov 14 21:28:26 2019,7.18 GiB,Push,196.04 %,98.02 %,4.116,4.299,4.721119165420532
i-0b9d71dac855d7716,1573766814-0,m5d.large,7.51 GiB,Intel(R) Xeon(R) Platinum 8175M CPU @ 2.50GHz,2 threads / 1 core / 1 socket / 1 NUMA node,0.7.5.9480 (Linux/17-SKX ~ Kotori),Thu Nov 14 21:28:31 2019,7.18 GiB,Push,196.53 %,98.26 %,4.152,4.610,5.030700922012329
i-0b9d71dac855d7716,1573766814-0,m5d.large,7.51 GiB,Intel(R) Xeon(R) Platinum 8175M CPU @ 2.50GHz,2 threads / 1 core / 1 socket / 1 NUMA node,0.7.5.9480 (Linux/17-SKX ~ Kotori),Thu Nov 14 21:28:36 2019,7.18 GiB,Push,196.56 %,98.28 %,4.146,4.331,4.753863334655762
i-0b9d71dac855d7716,1573766814-0,m5d.large,7.51 GiB,Intel(R) Xeon(R) Platinum 8175M CPU @ 2.50GHz,2 threads / 1 core / 1 socket / 1 NUMA node,0.7.5.9480 (Linux/17-SKX ~ Kotori),Thu Nov 14 21:28:42 2019,7.18 GiB,Push,196.90 %,98.45 %,4.124,4.307,4.729031801223755
i-0b9d71dac855d7716,1573766814-0,m5d.large,7.51 GiB,Intel(R) Xeon(R) Platinum 8175M CPU @ 2.50GHz,2 threads / 1 core / 1 socket / 1 NUMA node,0.7.5.9480 (Linux/17-SKX ~ Kotori),Thu Nov 14 21:28:46 2019,7.18 GiB,Push,197.02 %,98.51 %,4.096,4.280,4.703013896942139
i-0184f3296c5ced0a3,1573766814-0,m5d.large,7.51 GiB,Intel(R) Xeon(R) Platinum 8175M CPU @ 2.50GHz,2 threads / 1 core / 1 socket / 1 NUMA node,0.7.5.9480 (Linux/17-SKX ~ Kotori),Thu Nov 14 21:28:02 2019,7.18 GiB,Push,196.29 %,98.14 %,5.227,5.406,6.607317924499512
i-0184f3296c5ced0a3,1573766814-0,m5d.large,7.51 GiB,Intel(R) Xeon(R) Platinum 8175M CPU @ 2.50GHz,2 threads / 1 core / 1 socket / 1 NUMA node,0.7.5.9480 (Linux/17-SKX ~ Kotori),Thu Nov 14 21:28:09 2019,7.17 GiB,Push,196.80 %,98.40 %,5.213,5.492,5.961559534072876
i-0184f3296c5ced0a3,1573766814-0,m5d.large,7.51 GiB,Intel(R) Xeon(R) Platinum 8175M CPU @ 2.50GHz,2 threads / 1 core / 1 socket / 1 NUMA node,0.7.5.9480 (Linux/17-SKX ~ Kotori),Thu Nov 14 21:28:15 2019,7.18 GiB,Push,196.68 %,98.34 %,5.232,5.488,5.9541144371032715
i-0184f3296c5ced0a3,1573766814-0,m5d.large,7.51 GiB,Intel(R) Xeon(R) Platinum 8175M CPU @ 2.50GHz,2 threads / 1 core / 1 socket / 1 NUMA node,0.7.5.9480 (Linux/17-SKX ~ Kotori),Thu Nov 14 21:28:21 2019,7.18 GiB,Push,197.18 %,98.59 %,5.203,5.414,5.875935316085815
i-0184f3296c5ced0a3,1573766814-0,m5d.large,7.51 GiB,Intel(R) Xeon(R) Platinum 8175M CPU @ 2.50GHz,2 threads / 1 core / 1 socket / 1 NUMA node,0.7.5.9480 (Linux/17-SKX ~ Kotori),Thu Nov 14 21:28:27 2019,7.18 GiB,Push,197.00 %,98.50 %,5.208,5.420,5.882273197174072
i-0184f3296c5ced0a3,1573766814-0,m5d.large,7.51 GiB,Intel(R) Xeon(R) Platinum 8175M CPU @ 2.50GHz,2 threads / 1 core / 1 socket / 1 NUMA node,0.7.5.9480 (Linux/17-SKX ~ Kotori),Thu Nov 14 21:28:33 2019,7.18 GiB,Push,195.26 %,97.63 %,5.198,5.410,5.872332572937012
i-0184f3296c5ced0a3,1573766814-0,m5d.large,7.51 GiB,Intel(R) Xeon(R) Platinum 8175M CPU @ 2.50GHz,2 threads / 1 core / 1 socket / 1 NUMA node,0.7.5.9480 (Linux/17-SKX ~ Kotori),Thu Nov 14 21:28:39 2019,7.18 GiB,Push,197.11 %,98.55 %,5.210,5.424,5.888386487960815
i-0184f3296c5ced0a3,1573766814-0,m5d.large,7.51 GiB,Intel(R) Xeon(R) Platinum 8175M CPU @ 2.50GHz,2 threads / 1 core / 1 socket / 1 NUMA node,0.7.5.9480 (Linux/17-SKX ~ Kotori),Thu Nov 14 21:28:46 2019,7.18 GiB,Push,195.93 %,97.96 %,5.226,5.437,5.8983025550842285
i-0184f3296c5ced0a3,1573766814-0,m5d.large,7.51 GiB,Intel(R) Xeon(R) Platinum 8175M CPU @ 2.50GHz,2 threads / 1 core / 1 socket / 1 NUMA node,0.7.5.9480 (Linux/17-SKX ~ Kotori),Thu Nov 14 21:28:52 2019,7.18 GiB,Push,196.44 %,98.22 %,5.213,5.427,5.890215158462524
i-0184f3296c5ced0a3,1573766814-0,m5d.large,7.51 GiB,Intel(R) Xeon(R) Platinum 8175M CPU @ 2.50GHz,2 threads / 1 core / 1 socket / 1 NUMA node,0.7.5.9480 (Linux/17-SKX ~ Kotori),Thu Nov 14 21:28:58 2019,7.18 GiB,Push,196.80 %,98.40 %,5.229,5.434,5.906959056854248
i-078ea60809fc28e50,1573766814-0,m5d.large,7.51 GiB,Intel(R) Xeon(R) Platinum 8175M CPU @ 2.50GHz,2 threads / 1 core / 1 socket / 1 NUMA node,0.7.5.9480 (Linux/17-SKX ~ Kotori),Thu Nov 14 21:28:02 2019,7.18 GiB,Push,196.90 %,98.45 %,5.191,5.368,6.691463947296143
i-078ea60809fc28e50,1573766814-0,m5d.large,7.51 GiB,Intel(R) Xeon(R) Platinum 8175M CPU @ 2.50GHz,2 threads / 1 core / 1 socket / 1 NUMA node,0.7.5.9480 (Linux/17-SKX ~ Kotori),Thu Nov 14 21:28:08 2019,7.17 GiB,Push,196.62 %,98.31 %,5.157,5.382,5.836690187454224
i-078ea60809fc28e50,1573766814-0,m5d.large,7.51 GiB,Intel(R) Xeon(R) Platinum 8175M CPU @ 2.50GHz,2 threads / 1 core / 1 socket / 1 NUMA node,0.7.5.9480 (Linux/17-SKX ~ Kotori),Thu Nov 14 21:28:14 2019,7.18 GiB,Push,195.17 %,97.59 %,5.195,5.415,5.86307954788208
i-078ea60809fc28e50,1573766814-0,m5d.large,7.51 GiB,Intel(R) Xeon(R) Platinum 8175M CPU @ 2.50GHz,2 threads / 1 core / 1 socket / 1 NUMA node,0.7.5.9480 (Linux/17-SKX ~ Kotori),Thu Nov 14 21:28:20 2019,7.18 GiB,Push,196.72 %,98.36 %,5.170,5.372,5.820571184158325
i-078ea60809fc28e50,1573766814-0,m5d.large,7.51 GiB,Intel(R) Xeon(R) Platinum 8175M CPU @ 2.50GHz,2 threads / 1 core / 1 socket / 1 NUMA node,0.7.5.9480 (Linux/17-SKX ~ Kotori),Thu Nov 14 21:28:26 2019,7.18 GiB,Push,197.30 %,98.65 %,5.165,5.365,5.815686941146851
i-078ea60809fc28e50,1573766814-0,m5d.large,7.51 GiB,Intel(R) Xeon(R) Platinum 8175M CPU @ 2.50GHz,2 threads / 1 core / 1 socket / 1 NUMA node,0.7.5.9480 (Linux/17-SKX ~ Kotori),Thu Nov 14 21:28:32 2019,7.18 GiB,Push,196.34 %,98.17 %,5.154,5.360,5.8261003494262695
i-078ea60809fc28e50,1573766814-0,m5d.large,7.51 GiB,Intel(R) Xeon(R) Platinum 8175M CPU @ 2.50GHz,2 threads / 1 core / 1 socket / 1 NUMA node,0.7.5.9480 (Linux/17-SKX ~ Kotori),Thu Nov 14 21:28:38 2019,7.18 GiB,Push,196.55 %,98.28 %,5.154,5.350,5.818257570266724
i-078ea60809fc28e50,1573766814-0,m5d.large,7.51 GiB,Intel(R) Xeon(R) Platinum 8175M CPU @ 2.50GHz,2 threads / 1 core / 1 socket / 1 NUMA node,0.7.5.9480 (Linux/17-SKX ~ Kotori),Thu Nov 14 21:28:44 2019,7.18 GiB,Push,196.77 %,98.39 %,5.158,5.359,5.81421160697937
i-078ea60809fc28e50,1573766814-0,m5d.large,7.51 GiB,Intel(R) Xeon(R) Platinum 8175M CPU @ 2.50GHz,2 threads / 1 core / 1 socket / 1 NUMA node,0.7.5.9480 (Linux/17-SKX ~ Kotori),Thu Nov 14 21:28:50 2019,7.18 GiB,Push,196.51 %,98.25 %,5.160,5.365,5.818445920944214
i-078ea60809fc28e50,1573766814-0,m5d.large,7.51 GiB,Intel(R) Xeon(R) Platinum 8175M CPU @ 2.50GHz,2 threads / 1 core / 1 socket / 1 NUMA node,0.7.5.9480 (Linux/17-SKX ~ Kotori),Thu Nov 14 21:28:56 2019,7.18 GiB,Push,195.71 %,97.85 %,5.166,5.366,5.835481643676758
i-0561955e4d5e32bb3,1573766814-0,m5d.large,7.51 GiB,Intel(R) Xeon(R) Platinum 8175M CPU @ 2.50GHz,2 threads / 1 core / 1 socket / 1 NUMA node,0.7.5.9480 (Linux/17-SKX ~ Kotori),Thu Nov 14 21:28:02 2019,7.18 GiB,Push,197.06 %,98.53 %,5.227,5.403,6.53879451751709
i-0561955e4d5e32bb3,1573766814-0,m5d.large,7.51 GiB,Intel(R) Xeon(R) Platinum 8175M CPU @ 2.50GHz,2 threads / 1 core / 1 socket / 1 NUMA node,0.7.5.9480 (Linux/17-SKX ~ Kotori),Thu Nov 14 21:28:08 2019,7.17 GiB,Push,196.14 %,98.07 %,5.200,5.448,5.90622615814209
i-0561955e4d5e32bb3,1573766814-0,m5d.large,7.51 GiB,Intel(R) Xeon(R) Platinum 8175M CPU @ 2.50GHz,2 threads / 1 core / 1 socket / 1 NUMA node,0.7.5.9480 (Linux/17-SKX ~ Kotori),Thu Nov 14 21:28:14 2019,7.18 GiB,Push,195.23 %,97.61 %,5.189,5.425,5.886949777603149
i-0561955e4d5e32bb3,1573766814-0,m5d.large,7.51 GiB,Intel(R) Xeon(R) Platinum 8175M CPU @ 2.50GHz,2 threads / 1 core / 1 socket / 1 NUMA node,0.7.5.9480 (Linux/17-SKX ~ Kotori),Thu Nov 14 21:28:20 2019,7.18 GiB,Push,196.94 %,98.47 %,5.164,5.393,5.865678548812866
i-0561955e4d5e32bb3,1573766814-0,m5d.large,7.51 GiB,Intel(R) Xeon(R) Platinum 8175M CPU @ 2.50GHz,2 threads / 1 core / 1 socket / 1 NUMA node,0.7.5.9480 (Linux/17-SKX ~ Kotori),Thu Nov 14 21:28:26 2019,7.18 GiB,Push,196.71 %,98.36 %,5.180,5.403,5.87482213973999
i-0561955e4d5e32bb3,1573766814-0,m5d.large,7.51 GiB,Intel(R) Xeon(R) Platinum 8175M CPU @ 2.50GHz,2 threads / 1 core / 1 socket / 1 NUMA node,0.7.5.9480 (Linux/17-SKX ~ Kotori),Thu Nov 14 21:28:33 2019,7.18 GiB,Push,196.55 %,98.27 %,5.144,5.363,5.835892915725708
i-0561955e4d5e32bb3,1573766814-0,m5d.large,7.51 GiB,Intel(R) Xeon(R) Platinum 8175M CPU @ 2.50GHz,2 threads / 1 core / 1 socket / 1 NUMA node,0.7.5.9480 (Linux/17-SKX ~ Kotori),Thu Nov 14 21:28:39 2019,7.18 GiB,Push,196.91 %,98.46 %,5.215,5.437,5.909034967422485
i-0561955e4d5e32bb3,1573766814-0,m5d.large,7.51 GiB,Intel(R) Xeon(R) Platinum 8175M CPU @ 2.50GHz,2 threads / 1 core / 1 socket / 1 NUMA node,0.7.5.9480 (Linux/17-SKX ~ Kotori),Thu Nov 14 21:28:45 2019,7.18 GiB,Push,196.54 %,98.27 %,5.164,5.385,5.855682611465454
i-0561955e4d5e32bb3,1573766814-0,m5d.large,7.51 GiB,Intel(R) Xeon(R) Platinum 8175M CPU @ 2.50GHz,2 threads / 1 core / 1 socket / 1 NUMA node,0.7.5.9480 (Linux/17-SKX ~ Kotori),Thu Nov 14 21:28:51 2019,7.18 GiB,Push,197.41 %,98.70 %,5.162,5.387,5.859476089477539
i-0561955e4d5e32bb3,1573766814-0,m5d.large,7.51 GiB,Intel(R) Xeon(R) Platinum 8175M CPU @ 2.50GHz,2 threads / 1 core / 1 socket / 1 NUMA node,0.7.5.9480 (Linux/17-SKX ~ Kotori),Thu Nov 14 21:28:57 2019,7.18 GiB,Push,196.33 %,98.17 %,5.205,5.431,5.901221990585327
i-02bc03c5959e7d210,1573766814-0,m5d.large,7.51 GiB,Intel(R) Xeon(R) Platinum 8175M CPU @ 2.50GHz,2 threads / 1 core / 1 socket / 1 NUMA node,0.7.5.9480 (Linux/17-SKX ~ Kotori),Thu Nov 14 21:28:02 2019,7.18 GiB,Push,196.89 %,98.45 %,5.186,5.359,6.64196515083313
i-02bc03c5959e7d210,1573766814-0,m5d.large,7.51 GiB,Intel(R) Xeon(R) Platinum 8175M CPU @ 2.50GHz,2 threads / 1 core / 1 socket / 1 NUMA node,0.7.5.9480 (Linux/17-SKX ~ Kotori),Thu Nov 14 21:28:09 2019,7.17 GiB,Push,196.85 %,98.42 %,5.222,5.572,6.047971248626709
i-02bc03c5959e7d210,1573766814-0,m5d.large,7.51 GiB,Intel(R) Xeon(R) Platinum 8175M CPU @ 2.50GHz,2 threads / 1 core / 1 socket / 1 NUMA node,0.7.5.9480 (Linux/17-SKX ~ Kotori),Thu Nov 14 21:28:15 2019,7.18 GiB,Push,195.56 %,97.78 %,5.236,5.550,6.0157012939453125
i-02bc03c5959e7d210,1573766814-0,m5d.large,7.51 GiB,Intel(R) Xeon(R) Platinum 8175M CPU @ 2.50GHz,2 threads / 1 core / 1 socket / 1 NUMA node,0.7.5.9480 (Linux/17-SKX ~ Kotori),Thu Nov 14 21:28:21 2019,7.18 GiB,Push,197.06 %,98.53 %,5.196,5.601,6.075463056564331
i-02bc03c5959e7d210,1573766814-0,m5d.large,7.51 GiB,Intel(R) Xeon(R) Platinum 8175M CPU @ 2.50GHz,2 threads / 1 core / 1 socket / 1 NUMA node,0.7.5.9480 (Linux/17-SKX ~ Kotori),Thu Nov 14 21:28:28 2019,7.18 GiB,Push,196.52 %,98.26 %,5.246,5.580,6.067314386367798
i-02bc03c5959e7d210,1573766814-0,m5d.large,7.51 GiB,Intel(R) Xeon(R) Platinum 8175M CPU @ 2.50GHz,2 threads / 1 core / 1 socket / 1 NUMA node,0.7.5.9480 (Linux/17-SKX ~ Kotori),Thu Nov 14 21:28:34 2019,7.18 GiB,Push,196.64 %,98.32 %,5.202,5.412,5.87252950668335
i-02bc03c5959e7d210,1573766814-0,m5d.large,7.51 GiB,Intel(R) Xeon(R) Platinum 8175M CPU @ 2.50GHz,2 threads / 1 core / 1 socket / 1 NUMA node,0.7.5.9480 (Linux/17-SKX ~ Kotori),Thu Nov 14 21:28:40 2019,7.18 GiB,Push,195.85 %,97.93 %,5.193,5.399,5.863046169281006
i-02bc03c5959e7d210,1573766814-0,m5d.large,7.51 GiB,Intel(R) Xeon(R) Platinum 8175M CPU @ 2.50GHz,2 threads / 1 core / 1 socket / 1 NUMA node,0.7.5.9480 (Linux/17-SKX ~ Kotori),Thu Nov 14 21:28:46 2019,7.18 GiB,Push,196.78 %,98.39 %,5.209,5.419,5.882991075515747
i-02bc03c5959e7d210,1573766814-0,m5d.large,7.51 GiB,Intel(R) Xeon(R) Platinum 8175M CPU @ 2.50GHz,2 threads / 1 core / 1 socket / 1 NUMA node,0.7.5.9480 (Linux/17-SKX ~ Kotori),Thu Nov 14 21:28:52 2019,7.18 GiB,Push,197.03 %,98.51 %,5.182,5.453,5.9151928424835205
i-02bc03c5959e7d210,1573766814-0,m5d.large,7.51 GiB,Intel(R) Xeon(R) Platinum 8175M CPU @ 2.50GHz,2 threads / 1 core / 1 socket / 1 NUMA node,0.7.5.9480 (Linux/17-SKX ~ Kotori),Thu Nov 14 21:28:59 2019,7.18 GiB,Push,196.71 %,98.35 %,5.180,5.387,5.851853132247925
i-07977eaaa9497dbec,1573766814-0,m5d.large,7.51 GiB,Intel(R) Xeon(R) Platinum 8175M CPU @ 2.50GHz,2 threads / 1 core / 1 socket / 1 NUMA node,0.7.5.9480 (Linux/17-SKX ~ Kotori),Thu Nov 14 21:28:02 2019,7.18 GiB,Push,195.87 %,97.94 %,4.625,4.792,5.611082553863525
i-07977eaaa9497dbec,1573766814-0,m5d.large,7.51 GiB,Intel(R) Xeon(R) Platinum 8175M CPU @ 2.50GHz,2 threads / 1 core / 1 socket / 1 NUMA node,0.7.5.9480 (Linux/17-SKX ~ Kotori),Thu Nov 14 21:28:07 2019,7.17 GiB,Push,196.27 %,98.14 %,4.611,4.828,5.265856742858887
i-07977eaaa9497dbec,1573766814-0,m5d.large,7.51 GiB,Intel(R) Xeon(R) Platinum 8175M CPU @ 2.50GHz,2 threads / 1 core / 1 socket / 1 NUMA node,0.7.5.9480 (Linux/17-SKX ~ Kotori),Thu Nov 14 21:28:13 2019,7.18 GiB,Push,195.36 %,97.68 %,4.673,4.891,5.330099821090698
i-07977eaaa9497dbec,1573766814-0,m5d.large,7.51 GiB,Intel(R) Xeon(R) Platinum 8175M CPU @ 2.50GHz,2 threads / 1 core / 1 socket / 1 NUMA node,0.7.5.9480 (Linux/17-SKX ~ Kotori),Thu Nov 14 21:28:18 2019,7.18 GiB,Push,196.25 %,98.12 %,4.637,4.835,5.278792381286621
i-07977eaaa9497dbec,1573766814-0,m5d.large,7.51 GiB,Intel(R) Xeon(R) Platinum 8175M CPU @ 2.50GHz,2 threads / 1 core / 1 socket / 1 NUMA node,0.7.5.9480 (Linux/17-SKX ~ Kotori),Thu Nov 14 21:28:24 2019,7.18 GiB,Push,196.40 %,98.20 %,4.618,4.818,5.263437986373901
i-07977eaaa9497dbec,1573766814-0,m5d.large,7.51 GiB,Intel(R) Xeon(R) Platinum 8175M CPU @ 2.50GHz,2 threads / 1 core / 1 socket / 1 NUMA node,0.7.5.9480 (Linux/17-SKX ~ Kotori),Thu Nov 14 21:28:29 2019,7.18 GiB,Push,196.15 %,98.08 %,4.665,4.865,5.430232524871826
i-07977eaaa9497dbec,1573766814-0,m5d.large,7.51 GiB,Intel(R) Xeon(R) Platinum 8175M CPU @ 2.50GHz,2 threads / 1 core / 1 socket / 1 NUMA node,0.7.5.9480 (Linux/17-SKX ~ Kotori),Thu Nov 14 21:28:35 2019,7.18 GiB,Push,196.46 %,98.23 %,4.632,4.831,5.280463457107544
i-07977eaaa9497dbec,1573766814-0,m5d.large,7.51 GiB,Intel(R) Xeon(R) Platinum 8175M CPU @ 2.50GHz,2 threads / 1 core / 1 socket / 1 NUMA node,0.7.5.9480 (Linux/17-SKX ~ Kotori),Thu Nov 14 21:28:40 2019,7.18 GiB,Push,196.37 %,98.19 %,4.609,4.807,5.253147125244141
i-07977eaaa9497dbec,1573766814-0,m5d.large,7.51 GiB,Intel(R) Xeon(R) Platinum 8175M CPU @ 2.50GHz,2 threads / 1 core / 1 socket / 1 NUMA node,0.7.5.9480 (Linux/17-SKX ~ Kotori),Thu Nov 14 21:28:46 2019,7.18 GiB,Push,197.04 %,98.52 %,4.664,4.862,5.305184841156006
i-07977eaaa9497dbec,1573766814-0,m5d.large,7.51 GiB,Intel(R) Xeon(R) Platinum 8175M CPU @ 2.50GHz,2 threads / 1 core / 1 socket / 1 NUMA node,0.7.5.9480 (Linux/17-SKX ~ Kotori),Thu Nov 14 21:28:51 2019,7.18 GiB,Push,196.04 %,98.02 %,4.622,4.818,5.26379132270813
i-090f400814f25580f,1573766814-0,m5d.large,7.51 GiB,Intel(R) Xeon(R) Platinum 8175M CPU @ 2.50GHz,2 threads / 1 core / 1 socket / 1 NUMA node,0.7.5.9480 (Linux/17-SKX ~ Kotori),Thu Nov 14 21:28:02 2019,7.18 GiB,Push,197.05 %,98.53 %,5.222,5.394,6.0280046463012695
i-090f400814f25580f,1573766814-0,m5d.large,7.51 GiB,Intel(R) Xeon(R) Platinum 8175M CPU @ 2.50GHz,2 threads / 1 core / 1 socket / 1 NUMA node,0.7.5.9480 (Linux/17-SKX ~ Kotori),Thu Nov 14 21:28:08 2019,7.17 GiB,Push,196.08 %,98.04 %,5.258,5.520,5.957087516784668
i-090f400814f25580f,1573766814-0,m5d.large,7.51 GiB,Intel(R) Xeon(R) Platinum 8175M CPU @ 2.50GHz,2 threads / 1 core / 1 socket / 1 NUMA node,0.7.5.9480 (Linux/17-SKX ~ Kotori),Thu Nov 14 21:28:14 2019,7.18 GiB,Push,195.63 %,97.81 %,5.270,5.531,5.97016978263855
i-090f400814f25580f,1573766814-0,m5d.large,7.51 GiB,Intel(R) Xeon(R) Platinum 8175M CPU @ 2.50GHz,2 threads / 1 core / 1 socket / 1 NUMA node,0.7.5.9480 (Linux/17-SKX ~ Kotori),Thu Nov 14 21:28:20 2019,7.18 GiB,Push,196.74 %,98.37 %,5.225,5.439,5.877101421356201
i-090f400814f25580f,1573766814-0,m5d.large,7.51 GiB,Intel(R) Xeon(R) Platinum 8175M CPU @ 2.50GHz,2 threads / 1 core / 1 socket / 1 NUMA node,0.7.5.9480 (Linux/17-SKX ~ Kotori),Thu Nov 14 21:28:26 2019,7.18 GiB,Push,196.76 %,98.38 %,5.230,5.436,5.880211353302002
i-090f400814f25580f,1573766814-0,m5d.large,7.51 GiB,Intel(R) Xeon(R) Platinum 8175M CPU @ 2.50GHz,2 threads / 1 core / 1 socket / 1 NUMA node,0.7.5.9480 (Linux/17-SKX ~ Kotori),Thu Nov 14 21:28:32 2019,7.18 GiB,Push,196.36 %,98.18 %,5.205,5.413,5.857055425643921
i-090f400814f25580f,1573766814-0,m5d.large,7.51 GiB,Intel(R) Xeon(R) Platinum 8175M CPU @ 2.50GHz,2 threads / 1 core / 1 socket / 1 NUMA node,0.7.5.9480 (Linux/17-SKX ~ Kotori),Thu Nov 14 21:28:39 2019,7.18 GiB,Push,197.24 %,98.62 %,5.253,5.457,5.902472019195557
i-090f400814f25580f,1573766814-0,m5d.large,7.51 GiB,Intel(R) Xeon(R) Platinum 8175M CPU @ 2.50GHz,2 threads / 1 core / 1 socket / 1 NUMA node,0.7.5.9480 (Linux/17-SKX ~ Kotori),Thu Nov 14 21:28:45 2019,7.18 GiB,Push,195.91 %,97.95 %,5.242,5.453,5.897034406661987
i-090f400814f25580f,1573766814-0,m5d.large,7.51 GiB,Intel(R) Xeon(R) Platinum 8175M CPU @ 2.50GHz,2 threads / 1 core / 1 socket / 1 NUMA node,0.7.5.9480 (Linux/17-SKX ~ Kotori),Thu Nov 14 21:28:51 2019,7.18 GiB,Push,196.47 %,98.24 %,5.242,5.446,5.892954587936401
i-090f400814f25580f,1573766814-0,m5d.large,7.51 GiB,Intel(R) Xeon(R) Platinum 8175M CPU @ 2.50GHz,2 threads / 1 core / 1 socket / 1 NUMA node,0.7.5.9480 (Linux/17-SKX ~ Kotori),Thu Nov 14 21:28:57 2019,7.18 GiB,Push,195.74 %,97.87 %,5.226,5.433,5.880050182342529
i-0362f245e855b6c1e,1573766814-0,m5d.large,7.51 GiB,Intel(R) Xeon(R) Platinum 8175M CPU @ 2.50GHz,2 threads / 1 core / 1 socket / 1 NUMA node,0.7.5.9480 (Linux/17-SKX ~ Kotori),Thu Nov 14 21:28:02 2019,7.18 GiB,Push,195.70 %,97.85 %,5.192,5.373,6.942298650741577
i-0362f245e855b6c1e,1573766814-0,m5d.large,7.51 GiB,Intel(R) Xeon(R) Platinum 8175M CPU @ 2.50GHz,2 threads / 1 core / 1 socket / 1 NUMA node,0.7.5.9480 (Linux/17-SKX ~ Kotori),Thu Nov 14 21:28:08 2019,7.17 GiB,Push,196.37 %,98.18 %,5.194,5.415,5.898195505142212
i-0362f245e855b6c1e,1573766814-0,m5d.large,7.51 GiB,Intel(R) Xeon(R) Platinum 8175M CPU @ 2.50GHz,2 threads / 1 core / 1 socket / 1 NUMA node,0.7.5.9480 (Linux/17-SKX ~ Kotori),Thu Nov 14 21:28:14 2019,7.18 GiB,Push,195.99 %,97.99 %,5.184,5.506,5.944595098495483
i-0362f245e855b6c1e,1573766814-0,m5d.large,7.51 GiB,Intel(R) Xeon(R) Platinum 8175M CPU @ 2.50GHz,2 threads / 1 core / 1 socket / 1 NUMA node,0.7.5.9480 (Linux/17-SKX ~ Kotori),Thu Nov 14 21:28:20 2019,7.18 GiB,Push,197.64 %,98.82 %,5.191,5.405,5.916905641555786
i-0362f245e855b6c1e,1573766814-0,m5d.large,7.51 GiB,Intel(R) Xeon(R) Platinum 8175M CPU @ 2.50GHz,2 threads / 1 core / 1 socket / 1 NUMA node,0.7.5.9480 (Linux/17-SKX ~ Kotori),Thu Nov 14 21:28:27 2019,7.18 GiB,Push,196.70 %,98.35 %,5.236,5.594,6.119503974914551
i-0362f245e855b6c1e,1573766814-0,m5d.large,7.51 GiB,Intel(R) Xeon(R) Platinum 8175M CPU @ 2.50GHz,2 threads / 1 core / 1 socket / 1 NUMA node,0.7.5.9480 (Linux/17-SKX ~ Kotori),Thu Nov 14 21:28:33 2019,7.18 GiB,Push,196.94 %,98.47 %,5.210,5.419,5.8584558963775635
i-0362f245e855b6c1e,1573766814-0,m5d.large,7.51 GiB,Intel(R) Xeon(R) Platinum 8175M CPU @ 2.50GHz,2 threads / 1 core / 1 socket / 1 NUMA node,0.7.5.9480 (Linux/17-SKX ~ Kotori),Thu Nov 14 21:28:39 2019,7.18 GiB,Push,196.48 %,98.24 %,5.196,5.400,5.851069450378418
i-0362f245e855b6c1e,1573766814-0,m5d.large,7.51 GiB,Intel(R) Xeon(R) Platinum 8175M CPU @ 2.50GHz,2 threads / 1 core / 1 socket / 1 NUMA node,0.7.5.9480 (Linux/17-SKX ~ Kotori),Thu Nov 14 21:28:45 2019,7.18 GiB,Push,196.82 %,98.41 %,5.198,5.546,6.003838062286377
i-0362f245e855b6c1e,1573766814-0,m5d.large,7.51 GiB,Intel(R) Xeon(R) Platinum 8175M CPU @ 2.50GHz,2 threads / 1 core / 1 socket / 1 NUMA node,0.7.5.9480 (Linux/17-SKX ~ Kotori),Thu Nov 14 21:28:51 2019,7.18 GiB,Push,196.85 %,98.43 %,5.197,5.406,5.865241289138794
i-0362f245e855b6c1e,1573766814-0,m5d.large,7.51 GiB,Intel(R) Xeon(R) Platinum 8175M CPU @ 2.50GHz,2 threads / 1 core / 1 socket / 1 NUMA node,0.7.5.9480 (Linux/17-SKX ~ Kotori),Thu Nov 14 21:28:57 2019,7.18 GiB,Push,195.72 %,97.86 %,5.191,5.437,5.903769254684448
i-02bed2fd844f2949d,1573766814-0,m5d.large,7.51 GiB,Intel(R) Xeon(R) Platinum 8175M CPU @ 2.50GHz,2 threads / 1 core / 1 socket / 1 NUMA node,0.7.5.9480 (Linux/17-SKX ~ Kotori),Thu Nov 14 21:28:02 2019,7.18 GiB,Push,197.12 %,98.56 %,5.210,5.385,6.832540035247803
i-02bed2fd844f2949d,1573766814-0,m5d.large,7.51 GiB,Intel(R) Xeon(R) Platinum 8175M CPU @ 2.50GHz,2 threads / 1 core / 1 socket / 1 NUMA node,0.7.5.9480 (Linux/17-SKX ~ Kotori),Thu Nov 14 21:28:08 2019,7.17 GiB,Push,195.66 %,97.83 %,5.213,5.498,5.942253351211548
i-02bed2fd844f2949d,1573766814-0,m5d.large,7.51 GiB,Intel(R) Xeon(R) Platinum 8175M CPU @ 2.50GHz,2 threads / 1 core / 1 socket / 1 NUMA node,0.7.5.9480 (Linux/17-SKX ~ Kotori),Thu Nov 14 21:28:14 2019,7.18 GiB,Push,195.04 %,97.52 %,5.240,5.610,6.061704874038696
i-02bed2fd844f2949d,1573766814-0,m5d.large,7.51 GiB,Intel(R) Xeon(R) Platinum 8175M CPU @ 2.50GHz,2 threads / 1 core / 1 socket / 1 NUMA node,0.7.5.9480 (Linux/17-SKX ~ Kotori),Thu Nov 14 21:28:21 2019,7.18 GiB,Push,196.97 %,98.49 %,5.224,5.439,5.900631666183472
i-02bed2fd844f2949d,1573766814-0,m5d.large,7.51 GiB,Intel(R) Xeon(R) Platinum 8175M CPU @ 2.50GHz,2 threads / 1 core / 1 socket / 1 NUMA node,0.7.5.9480 (Linux/17-SKX ~ Kotori),Thu Nov 14 21:28:27 2019,7.18 GiB,Push,196.82 %,98.41 %,5.177,5.379,5.986614942550659
i-02bed2fd844f2949d,1573766814-0,m5d.large,7.51 GiB,Intel(R) Xeon(R) Platinum 8175M CPU @ 2.50GHz,2 threads / 1 core / 1 socket / 1 NUMA node,0.7.5.9480 (Linux/17-SKX ~ Kotori),Thu Nov 14 21:28:33 2019,7.18 GiB,Push,196.79 %,98.40 %,5.193,5.397,5.860811233520508
i-02bed2fd844f2949d,1573766814-0,m5d.large,7.51 GiB,Intel(R) Xeon(R) Platinum 8175M CPU @ 2.50GHz,2 threads / 1 core / 1 socket / 1 NUMA node,0.7.5.9480 (Linux/17-SKX ~ Kotori),Thu Nov 14 21:28:39 2019,7.18 GiB,Push,196.01 %,98.00 %,5.204,5.408,5.865496397018433
i-02bed2fd844f2949d,1573766814-0,m5d.large,7.51 GiB,Intel(R) Xeon(R) Platinum 8175M CPU @ 2.50GHz,2 threads / 1 core / 1 socket / 1 NUMA node,0.7.5.9480 (Linux/17-SKX ~ Kotori),Thu Nov 14 21:28:45 2019,7.18 GiB,Push,196.73 %,98.37 %,5.180,5.399,5.851571559906006
i-02bed2fd844f2949d,1573766814-0,m5d.large,7.51 GiB,Intel(R) Xeon(R) Platinum 8175M CPU @ 2.50GHz,2 threads / 1 core / 1 socket / 1 NUMA node,0.7.5.9480 (Linux/17-SKX ~ Kotori),Thu Nov 14 21:28:51 2019,7.18 GiB,Push,196.32 %,98.16 %,5.201,5.409,5.858901500701904
i-02bed2fd844f2949d,1573766814-0,m5d.large,7.51 GiB,Intel(R) Xeon(R) Platinum 8175M CPU @ 2.50GHz,2 threads / 1 core / 1 socket / 1 NUMA node,0.7.5.9480 (Linux/17-SKX ~ Kotori),Thu Nov 14 21:28:58 2019,7.18 GiB,Push,196.64 %,98.32 %,5.223,5.451,5.940541982650757
i-02baf91f487c27cd0,1573766814-0,m5d.large,7.51 GiB,Intel(R) Xeon(R) Platinum 8175M CPU @ 2.50GHz,2 threads / 1 core / 1 socket / 1 NUMA node,0.7.5.9480 (Linux/17-SKX ~ Kotori),Thu Nov 14 21:28:02 2019,7.18 GiB,Push,196.32 %,98.16 %,5.303,5.480,6.532403945922852
i-02baf91f487c27cd0,1573766814-0,m5d.large,7.51 GiB,Intel(R) Xeon(R) Platinum 8175M CPU @ 2.50GHz,2 threads / 1 core / 1 socket / 1 NUMA node,0.7.5.9480 (Linux/17-SKX ~ Kotori),Thu Nov 14 21:28:08 2019,7.17 GiB,Push,196.46 %,98.23 %,5.289,5.510,5.953600645065308
i-02baf91f487c27cd0,1573766814-0,m5d.large,7.51 GiB,Intel(R) Xeon(R) Platinum 8175M CPU @ 2.50GHz,2 threads / 1 core / 1 socket / 1 NUMA node,0.7.5.9480 (Linux/17-SKX ~ Kotori),Thu Nov 14 21:28:14 2019,7.18 GiB,Push,195.07 %,97.54 %,5.316,5.567,6.009878158569336
i-02baf91f487c27cd0,1573766814-0,m5d.large,7.51 GiB,Intel(R) Xeon(R) Platinum 8175M CPU @ 2.50GHz,2 threads / 1 core / 1 socket / 1 NUMA node,0.7.5.9480 (Linux/17-SKX ~ Kotori),Thu Nov 14 21:28:21 2019,7.18 GiB,Push,197.31 %,98.66 %,5.291,5.512,5.979311466217041
i-02baf91f487c27cd0,1573766814-0,m5d.large,7.51 GiB,Intel(R) Xeon(R) Platinum 8175M CPU @ 2.50GHz,2 threads / 1 core / 1 socket / 1 NUMA node,0.7.5.9480 (Linux/17-SKX ~ Kotori),Thu Nov 14 21:28:27 2019,7.18 GiB,Push,197.37 %,98.68 %,5.295,5.585,6.032778978347778
i-02baf91f487c27cd0,1573766814-0,m5d.large,7.51 GiB,Intel(R) Xeon(R) Platinum 8175M CPU @ 2.50GHz,2 threads / 1 core / 1 socket / 1 NUMA node,0.7.5.9480 (Linux/17-SKX ~ Kotori),Thu Nov 14 21:28:33 2019,7.18 GiB,Push,196.86 %,98.43 %,5.313,5.532,6.011321544647217
i-02baf91f487c27cd0,1573766814-0,m5d.large,7.51 GiB,Intel(R) Xeon(R) Platinum 8175M CPU @ 2.50GHz,2 threads / 1 core / 1 socket / 1 NUMA node,0.7.5.9480 (Linux/17-SKX ~ Kotori),Thu Nov 14 21:28:39 2019,7.18 GiB,Push,196.79 %,98.40 %,5.300,5.517,5.964095830917358
i-02baf91f487c27cd0,1573766814-0,m5d.large,7.51 GiB,Intel(R) Xeon(R) Platinum 8175M CPU @ 2.50GHz,2 threads / 1 core / 1 socket / 1 NUMA node,0.7.5.9480 (Linux/17-SKX ~ Kotori),Thu Nov 14 21:28:45 2019,7.18 GiB,Push,196.75 %,98.37 %,5.327,5.548,6.0010950565338135
i-02baf91f487c27cd0,1573766814-0,m5d.large,7.51 GiB,Intel(R) Xeon(R) Platinum 8175M CPU @ 2.50GHz,2 threads / 1 core / 1 socket / 1 NUMA node,0.7.5.9480 (Linux/17-SKX ~ Kotori),Thu Nov 14 21:28:52 2019,7.18 GiB,Push,196.64 %,98.32 %,5.314,5.534,6.091588020324707
i-02baf91f487c27cd0,1573766814-0,m5d.large,7.51 GiB,Intel(R) Xeon(R) Platinum 8175M CPU @ 2.50GHz,2 threads / 1 core / 1 socket / 1 NUMA node,0.7.5.9480 (Linux/17-SKX ~ Kotori),Thu Nov 14 21:28:58 2019,7.18 GiB,Push,196.61 %,98.31 %,5.295,5.511,6.08217716217041
i-02839bf5d52dc440a,1573766814-0,m5d.large,7.51 GiB,Intel(R) Xeon(R) Platinum 8175M CPU @ 2.50GHz,2 threads / 1 core / 1 socket / 1 NUMA node,0.7.5.9480 (Linux/17-SKX ~ Kotori),Thu Nov 14 21:28:02 2019,7.18 GiB,Push,197.12 %,98.56 %,5.195,5.368,6.557102203369141
i-02839bf5d52dc440a,1573766814-0,m5d.large,7.51 GiB,Intel(R) Xeon(R) Platinum 8175M CPU @ 2.50GHz,2 threads / 1 core / 1 socket / 1 NUMA node,0.7.5.9480 (Linux/17-SKX ~ Kotori),Thu Nov 14 21:28:08 2019,7.17 GiB,Push,196.49 %,98.24 %,5.222,5.507,5.944016218185425
i-02839bf5d52dc440a,1573766814-0,m5d.large,7.51 GiB,Intel(R) Xeon(R) Platinum 8175M CPU @ 2.50GHz,2 threads / 1 core / 1 socket / 1 NUMA node,0.7.5.9480 (Linux/17-SKX ~ Kotori),Thu Nov 14 21:28:15 2019,7.18 GiB,Push,195.94 %,97.97 %,5.247,5.538,6.099692106246948
i-02839bf5d52dc440a,1573766814-0,m5d.large,7.51 GiB,Intel(R) Xeon(R) Platinum 8175M CPU @ 2.50GHz,2 threads / 1 core / 1 socket / 1 NUMA node,0.7.5.9480 (Linux/17-SKX ~ Kotori),Thu Nov 14 21:28:21 2019,7.18 GiB,Push,196.19 %,98.09 %,5.220,5.439,5.87361478805542
i-02839bf5d52dc440a,1573766814-0,m5d.large,7.51 GiB,Intel(R) Xeon(R) Platinum 8175M CPU @ 2.50GHz,2 threads / 1 core / 1 socket / 1 NUMA node,0.7.5.9480 (Linux/17-SKX ~ Kotori),Thu Nov 14 21:28:27 2019,7.18 GiB,Push,196.92 %,98.46 %,5.210,5.432,5.866909027099609
i-02839bf5d52dc440a,1573766814-0,m5d.large,7.51 GiB,Intel(R) Xeon(R) Platinum 8175M CPU @ 2.50GHz,2 threads / 1 core / 1 socket / 1 NUMA node,0.7.5.9480 (Linux/17-SKX ~ Kotori),Thu Nov 14 21:28:33 2019,7.18 GiB,Push,197.09 %,98.55 %,5.206,5.427,5.8617260456085205
i-02839bf5d52dc440a,1573766814-0,m5d.large,7.51 GiB,Intel(R) Xeon(R) Platinum 8175M CPU @ 2.50GHz,2 threads / 1 core / 1 socket / 1 NUMA node,0.7.5.9480 (Linux/17-SKX ~ Kotori),Thu Nov 14 21:28:39 2019,7.18 GiB,Push,195.91 %,97.96 %,5.222,5.435,5.877063035964966
i-02839bf5d52dc440a,1573766814-0,m5d.large,7.51 GiB,Intel(R) Xeon(R) Platinum 8175M CPU @ 2.50GHz,2 threads / 1 core / 1 socket / 1 NUMA node,0.7.5.9480 (Linux/17-SKX ~ Kotori),Thu Nov 14 21:28:45 2019,7.18 GiB,Push,196.71 %,98.35 %,5.180,5.396,5.831811904907227
i-02839bf5d52dc440a,1573766814-0,m5d.large,7.51 GiB,Intel(R) Xeon(R) Platinum 8175M CPU @ 2.50GHz,2 threads / 1 core / 1 socket / 1 NUMA node,0.7.5.9480 (Linux/17-SKX ~ Kotori),Thu Nov 14 21:28:51 2019,7.18 GiB,Push,196.71 %,98.35 %,5.226,5.591,6.025367975234985
i-02839bf5d52dc440a,1573766814-0,m5d.large,7.51 GiB,Intel(R) Xeon(R) Platinum 8175M CPU @ 2.50GHz,2 threads / 1 core / 1 socket / 1 NUMA node,0.7.5.9480 (Linux/17-SKX ~ Kotori),Thu Nov 14 21:28:57 2019,7.18 GiB,Push,196.87 %,98.44 %,5.206,5.421,5.855762243270874
i-0e35056fc9158b141,1573766814-0,m5d.large,7.51 GiB,Intel(R) Xeon(R) Platinum 8175M CPU @ 2.50GHz,2 threads / 1 core / 1 socket / 1 NUMA node,0.7.5.9480 (Linux/17-SKX ~ Kotori),Thu Nov 14 21:28:01 2019,7.18 GiB,Push,196.34 %,98.17 %,5.210,5.383,5.862443685531616
i-0e35056fc9158b141,1573766814-0,m5d.large,7.51 GiB,Intel(R) Xeon(R) Platinum 8175M CPU @ 2.50GHz,2 threads / 1 core / 1 socket / 1 NUMA node,0.7.5.9480 (Linux/17-SKX ~ Kotori),Thu Nov 14 21:28:07 2019,7.17 GiB,Push,196.21 %,98.11 %,5.188,5.410,5.840583086013794
i-0e35056fc9158b141,1573766814-0,m5d.large,7.51 GiB,Intel(R) Xeon(R) Platinum 8175M CPU @ 2.50GHz,2 threads / 1 core / 1 socket / 1 NUMA node,0.7.5.9480 (Linux/17-SKX ~ Kotori),Thu Nov 14 21:28:13 2019,7.18 GiB,Push,196.23 %,98.11 %,5.173,5.394,5.826308012008667
i-0e35056fc9158b141,1573766814-0,m5d.large,7.51 GiB,Intel(R) Xeon(R) Platinum 8175M CPU @ 2.50GHz,2 threads / 1 core / 1 socket / 1 NUMA node,0.7.5.9480 (Linux/17-SKX ~ Kotori),Thu Nov 14 21:28:19 2019,7.18 GiB,Push,196.45 %,98.22 %,5.182,5.383,5.820448637008667
i-0e35056fc9158b141,1573766814-0,m5d.large,7.51 GiB,Intel(R) Xeon(R) Platinum 8175M CPU @ 2.50GHz,2 threads / 1 core / 1 socket / 1 NUMA node,0.7.5.9480 (Linux/17-SKX ~ Kotori),Thu Nov 14 21:28:25 2019,7.18 GiB,Push,196.26 %,98.13 %,5.187,5.389,5.829697847366333
i-0e35056fc9158b141,1573766814-0,m5d.large,7.51 GiB,Intel(R) Xeon(R) Platinum 8175M CPU @ 2.50GHz,2 threads / 1 core / 1 socket / 1 NUMA node,0.7.5.9480 (Linux/17-SKX ~ Kotori),Thu Nov 14 21:28:31 2019,7.18 GiB,Push,196.81 %,98.40 %,5.173,5.374,5.811797142028809
i-0e35056fc9158b141,1573766814-0,m5d.large,7.51 GiB,Intel(R) Xeon(R) Platinum 8175M CPU @ 2.50GHz,2 threads / 1 core / 1 socket / 1 NUMA node,0.7.5.9480 (Linux/17-SKX ~ Kotori),Thu Nov 14 21:28:37 2019,7.18 GiB,Push,196.66 %,98.33 %,5.177,5.376,5.816933870315552
i-0e35056fc9158b141,1573766814-0,m5d.large,7.51 GiB,Intel(R) Xeon(R) Platinum 8175M CPU @ 2.50GHz,2 threads / 1 core / 1 socket / 1 NUMA node,0.7.5.9480 (Linux/17-SKX ~ Kotori),Thu Nov 14 21:28:43 2019,7.18 GiB,Push,196.59 %,98.30 %,5.188,5.391,5.82640528678894
i-0e35056fc9158b141,1573766814-0,m5d.large,7.51 GiB,Intel(R) Xeon(R) Platinum 8175M CPU @ 2.50GHz,2 threads / 1 core / 1 socket / 1 NUMA node,0.7.5.9480 (Linux/17-SKX ~ Kotori),Thu Nov 14 21:28:49 2019,7.18 GiB,Push,197.01 %,98.51 %,5.193,5.396,5.83597469329834
i-0e35056fc9158b141,1573766814-0,m5d.large,7.51 GiB,Intel(R) Xeon(R) Platinum 8175M CPU @ 2.50GHz,2 threads / 1 core / 1 socket / 1 NUMA node,0.7.5.9480 (Linux/17-SKX ~ Kotori),Thu Nov 14 21:28:55 2019,7.18 GiB,Push,196.76 %,98.38 %,5.184,5.389,5.825303316116333
i-037621e70119f9ab7,1573766814-0,m5d.large,7.51 GiB,Intel(R) Xeon(R) Platinum 8175M CPU @ 2.50GHz,2 threads / 1 core / 1 socket / 1 NUMA node,0.7.5.9480 (Linux/17-SKX ~ Kotori),Thu Nov 14 21:28:02 2019,7.18 GiB,Push,196.33 %,98.17 %,5.129,5.298,6.399442911148071
i-037621e70119f9ab7,1573766814-0,m5d.large,7.51 GiB,Intel(R) Xeon(R) Platinum 8175M CPU @ 2.50GHz,2 threads / 1 core / 1 socket / 1 NUMA node,0.7.5.9480 (Linux/17-SKX ~ Kotori),Thu Nov 14 21:28:08 2019,7.17 GiB,Push,196.76 %,98.38 %,5.138,5.374,5.807612180709839
i-037621e70119f9ab7,1573766814-0,m5d.large,7.51 GiB,Intel(R) Xeon(R) Platinum 8175M CPU @ 2.50GHz,2 threads / 1 core / 1 socket / 1 NUMA node,0.7.5.9480 (Linux/17-SKX ~ Kotori),Thu Nov 14 21:28:14 2019,7.18 GiB,Push,195.92 %,97.96 %,5.165,5.384,5.82409930229187
i-037621e70119f9ab7,1573766814-0,m5d.large,7.51 GiB,Intel(R) Xeon(R) Platinum 8175M CPU @ 2.50GHz,2 threads / 1 core / 1 socket / 1 NUMA node,0.7.5.9480 (Linux/17-SKX ~ Kotori),Thu Nov 14 21:28:20 2019,7.18 GiB,Push,197.31 %,98.66 %,5.129,5.330,5.768861770629883
i-037621e70119f9ab7,1573766814-0,m5d.large,7.51 GiB,Intel(R) Xeon(R) Platinum 8175M CPU @ 2.50GHz,2 threads / 1 core / 1 socket / 1 NUMA node,0.7.5.9480 (Linux/17-SKX ~ Kotori),Thu Nov 14 21:28:26 2019,7.18 GiB,Push,196.87 %,98.44 %,5.140,5.346,5.785783529281616
i-037621e70119f9ab7,1573766814-0,m5d.large,7.51 GiB,Intel(R) Xeon(R) Platinum 8175M CPU @ 2.50GHz,2 threads / 1 core / 1 socket / 1 NUMA node,0.7.5.9480 (Linux/17-SKX ~ Kotori),Thu Nov 14 21:28:32 2019,7.18 GiB,Push,196.00 %,98.00 %,5.133,5.331,5.7699055671691895
i-037621e70119f9ab7,1573766814-0,m5d.large,7.51 GiB,Intel(R) Xeon(R) Platinum 8175M CPU @ 2.50GHz,2 threads / 1 core / 1 socket / 1 NUMA node,0.7.5.9480 (Linux/17-SKX ~ Kotori),Thu Nov 14 21:28:38 2019,7.18 GiB,Push,196.31 %,98.16 %,5.140,5.343,5.786003351211548
i-037621e70119f9ab7,1573766814-0,m5d.large,7.51 GiB,Intel(R) Xeon(R) Platinum 8175M CPU @ 2.50GHz,2 threads / 1 core / 1 socket / 1 NUMA node,0.7.5.9480 (Linux/17-SKX ~ Kotori),Thu Nov 14 21:28:44 2019,7.18 GiB,Push,196.44 %,98.22 %,5.131,5.335,5.773498058319092
i-037621e70119f9ab7,1573766814-0,m5d.large,7.51 GiB,Intel(R) Xeon(R) Platinum 8175M CPU @ 2.50GHz,2 threads / 1 core / 1 socket / 1 NUMA node,0.7.5.9480 (Linux/17-SKX ~ Kotori),Thu Nov 14 21:28:50 2019,7.18 GiB,Push,196.50 %,98.25 %,5.150,5.353,5.792256116867065
i-037621e70119f9ab7,1573766814-0,m5d.large,7.51 GiB,Intel(R) Xeon(R) Platinum 8175M CPU @ 2.50GHz,2 threads / 1 core / 1 socket / 1 NUMA node,0.7.5.9480 (Linux/17-SKX ~ Kotori),Thu Nov 14 21:28:56 2019,7.18 GiB,Push,197.11 %,98.56 %,5.144,5.346,5.785333156585693
i-077061659bae3de4f,1573766814-0,m5d.large,7.51 GiB,Intel(R) Xeon(R) Platinum 8175M CPU @ 2.50GHz,2 threads / 1 core / 1 socket / 1 NUMA node,0.7.5.9480 (Linux/17-SKX ~ Kotori),Thu Nov 14 21:28:02 2019,7.18 GiB,Push,196.82 %,98.41 %,5.248,5.425,6.631981611251831
i-077061659bae3de4f,1573766814-0,m5d.large,7.51 GiB,Intel(R) Xeon(R) Platinum 8175M CPU @ 2.50GHz,2 threads / 1 core / 1 socket / 1 NUMA node,0.7.5.9480 (Linux/17-SKX ~ Kotori),Thu Nov 14 21:28:08 2019,7.17 GiB,Push,196.03 %,98.02 %,5.234,5.525,5.9647674560546875
i-077061659bae3de4f,1573766814-0,m5d.large,7.51 GiB,Intel(R) Xeon(R) Platinum 8175M CPU @ 2.50GHz,2 threads / 1 core / 1 socket / 1 NUMA node,0.7.5.9480 (Linux/17-SKX ~ Kotori),Thu Nov 14 21:28:14 2019,7.18 GiB,Push,195.35 %,97.68 %,5.298,5.642,6.096296787261963
i-077061659bae3de4f,1573766814-0,m5d.large,7.51 GiB,Intel(R) Xeon(R) Platinum 8175M CPU @ 2.50GHz,2 threads / 1 core / 1 socket / 1 NUMA node,0.7.5.9480 (Linux/17-SKX ~ Kotori),Thu Nov 14 21:28:21 2019,7.18 GiB,Push,197.01 %,98.50 %,5.249,5.470,5.910031318664551
i-077061659bae3de4f,1573766814-0,m5d.large,7.51 GiB,Intel(R) Xeon(R) Platinum 8175M CPU @ 2.50GHz,2 threads / 1 core / 1 socket / 1 NUMA node,0.7.5.9480 (Linux/17-SKX ~ Kotori),Thu Nov 14 21:28:27 2019,7.18 GiB,Push,197.01 %,98.51 %,5.248,5.473,5.915257930755615
i-077061659bae3de4f,1573766814-0,m5d.large,7.51 GiB,Intel(R) Xeon(R) Platinum 8175M CPU @ 2.50GHz,2 threads / 1 core / 1 socket / 1 NUMA node,0.7.5.9480 (Linux/17-SKX ~ Kotori),Thu Nov 14 21:28:33 2019,7.18 GiB,Push,196.66 %,98.33 %,5.248,5.470,5.918142795562744
i-077061659bae3de4f,1573766814-0,m5d.large,7.51 GiB,Intel(R) Xeon(R) Platinum 8175M CPU @ 2.50GHz,2 threads / 1 core / 1 socket / 1 NUMA node,0.7.5.9480 (Linux/17-SKX ~ Kotori),Thu Nov 14 21:28:39 2019,7.18 GiB,Push,196.73 %,98.36 %,5.281,5.506,5.94932746887207
i-077061659bae3de4f,1573766814-0,m5d.large,7.51 GiB,Intel(R) Xeon(R) Platinum 8175M CPU @ 2.50GHz,2 threads / 1 core / 1 socket / 1 NUMA node,0.7.5.9480 (Linux/17-SKX ~ Kotori),Thu Nov 14 21:28:45 2019,7.18 GiB,Push,196.07 %,98.04 %,5.263,5.478,5.918609380722046
i-077061659bae3de4f,1573766814-0,m5d.large,7.51 GiB,Intel(R) Xeon(R) Platinum 8175M CPU @ 2.50GHz,2 threads / 1 core / 1 socket / 1 NUMA node,0.7.5.9480 (Linux/17-SKX ~ Kotori),Thu Nov 14 21:28:52 2019,7.18 GiB,Push,197.18 %,98.59 %,5.249,5.474,5.914080381393433
i-077061659bae3de4f,1573766814-0,m5d.large,7.51 GiB,Intel(R) Xeon(R) Platinum 8175M CPU @ 2.50GHz,2 threads / 1 core / 1 socket / 1 NUMA node,0.7.5.9480 (Linux/17-SKX ~ Kotori),Thu Nov 14 21:28:58 2019,7.18 GiB,Push,196.72 %,98.36 %,5.287,5.790,6.232427358627319
i-00ae78d83e9b0a706,1573766814-0,m5d.large,7.51 GiB,Intel(R) Xeon(R) Platinum 8175M CPU @ 2.50GHz,2 threads / 1 core / 1 socket / 1 NUMA node,0.7.5.9480 (Linux/17-SKX ~ Kotori),Thu Nov 14 21:28:02 2019,7.18 GiB,Push,195.47 %,97.73 %,5.182,5.376,6.6521360874176025
i-00ae78d83e9b0a706,1573766814-0,m5d.large,7.51 GiB,Intel(R) Xeon(R) Platinum 8175M CPU @ 2.50GHz,2 threads / 1 core / 1 socket / 1 NUMA node,0.7.5.9480 (Linux/17-SKX ~ Kotori),Thu Nov 14 21:28:09 2019,7.17 GiB,Push,195.66 %,97.83 %,5.177,5.475,5.962738275527954
i-00ae78d83e9b0a706,1573766814-0,m5d.large,7.51 GiB,Intel(R) Xeon(R) Platinum 8175M CPU @ 2.50GHz,2 threads / 1 core / 1 socket / 1 NUMA node,0.7.5.9480 (Linux/17-SKX ~ Kotori),Thu Nov 14 21:28:15 2019,7.18 GiB,Push,194.61 %,97.31 %,5.215,5.506,5.991185665130615
i-00ae78d83e9b0a706,1573766814-0,m5d.large,7.51 GiB,Intel(R) Xeon(R) Platinum 8175M CPU @ 2.50GHz,2 threads / 1 core / 1 socket / 1 NUMA node,0.7.5.9480 (Linux/17-SKX ~ Kotori),Thu Nov 14 21:28:21 2019,7.18 GiB,Push,195.38 %,97.69 %,5.169,5.398,5.88490104675293
i-00ae78d83e9b0a706,1573766814-0,m5d.large,7.51 GiB,Intel(R) Xeon(R) Platinum 8175M CPU @ 2.50GHz,2 threads / 1 core / 1 socket / 1 NUMA node,0.7.5.9480 (Linux/17-SKX ~ Kotori),Thu Nov 14 21:28:27 2019,7.18 GiB,Push,195.37 %,97.69 %,5.211,5.441,5.930930852890015
i-00ae78d83e9b0a706,1573766814-0,m5d.large,7.51 GiB,Intel(R) Xeon(R) Platinum 8175M CPU @ 2.50GHz,2 threads / 1 core / 1 socket / 1 NUMA node,0.7.5.9480 (Linux/17-SKX ~ Kotori),Thu Nov 14 21:28:33 2019,7.18 GiB,Push,195.82 %,97.91 %,5.183,5.421,5.907059669494629
i-00ae78d83e9b0a706,1573766814-0,m5d.large,7.51 GiB,Intel(R) Xeon(R) Platinum 8175M CPU @ 2.50GHz,2 threads / 1 core / 1 socket / 1 NUMA node,0.7.5.9480 (Linux/17-SKX ~ Kotori),Thu Nov 14 21:28:40 2019,7.18 GiB,Push,195.98 %,97.99 %,5.184,5.413,5.904637813568115
i-00ae78d83e9b0a706,1573766814-0,m5d.large,7.51 GiB,Intel(R) Xeon(R) Platinum 8175M CPU @ 2.50GHz,2 threads / 1 core / 1 socket / 1 NUMA node,0.7.5.9480 (Linux/17-SKX ~ Kotori),Thu Nov 14 21:28:46 2019,7.18 GiB,Push,195.26 %,97.63 %,5.168,5.395,5.8809356689453125
i-00ae78d83e9b0a706,1573766814-0,m5d.large,7.51 GiB,Intel(R) Xeon(R) Platinum 8175M CPU @ 2.50GHz,2 threads / 1 core / 1 socket / 1 NUMA node,0.7.5.9480 (Linux/17-SKX ~ Kotori),Thu Nov 14 21:28:52 2019,7.18 GiB,Push,196.04 %,98.02 %,5.178,5.406,5.894497632980347
i-00ae78d83e9b0a706,1573766814-0,m5d.large,7.51 GiB,Intel(R) Xeon(R) Platinum 8175M CPU @ 2.50GHz,2 threads / 1 core / 1 socket / 1 NUMA node,0.7.5.9480 (Linux/17-SKX ~ Kotori),Thu Nov 14 21:28:58 2019,7.18 GiB,Push,195.55 %,97.77 %,5.165,5.406,5.895097255706787
